d,user_id,price,refunded_at,created_at
0,255,1.5,,10/4/2015 14:39
1,448,0.5,,9/11/2015 17:33
2,237,4.5,,8/17/2015 23:13
3,468,3.5,,8/8/2015 16:25
4,50,4.5,,8/18/2015 2:36
5,86,1.5,11/19/2015 10:02,11/19/2015 5:16
6,384,4.5,,8/21/2015 14:35
7,490,1.5,,10/8/2015 1:09
8,454,1.5,,10/24/2015 12:26
9,280,1.5,,8/24/2015 15:19
10,109,3.5,,9/14/2015 12:34
11,196,1.5,11/20/2015 16:10,11/20/2015 16:10
12,282,1.5,,10/17/2015 23:39
13,487,4.5,,11/3/2015 13:30
14,166,0.5,,9/21/2015 3:33
15,239,1.5,,11/13/2015 7:49
16,190,0.5,,10/26/2015 4:25
17,369,3.5,,10/20/2015 11:23
18,262,4.5,,9/12/2015 9:25
19,77,0.5,,10/28/2015 3:35
20,359,4.5,,9/13/2015 17:48
21,96,2.5,,8/26/2015 2:13
22,391,1.5,,11/3/2015 7:28
23,140,1.5,9/27/2015 6:52,9/27/2015 2:28
24,152,2.5,,8/5/2015 0:28
25,220,2.5,,8/19/2015 15:58
26,489,2.5,10/24/2015 11:17,10/24/2015 9:06
27,487,0.5,,10/14/2015 6:08
28,401,2.5,,10/30/2015 1:16
29,497,2.5,,11/2/2015 13:09
30,96,0.5,,8/6/2015 6:03
31,467,1.5,10/31/2015 20:37,10/31/2015 19:42
32,212,4.5,,10/30/2015 3:34
33,24,3.5,,9/11/2015 11:00
34,309,4.5,,10/29/2015 15:43
35,77,3.5,,8/25/2015 13:39
36,462,0.5,,10/26/2015 9:20
37,372,2.5,,8/28/2015 9:13
38,35,1.5,,10/26/2015 6:01
39,253,4.5,10/2/2015 3:26,10/2/2015 2:00
40,136,3.5,,9/23/2015 0:49
41,50,1.5,,8/19/2015 3:58
42,490,4.5,,8/21/2015 10:05
43,499,3.5,,9/4/2015 15:04
44,86,3.5,,9/16/2015 3:46
45,228,0.5,,9/10/2015 23:25
46,229,1.5,,10/16/2015 7:13
47,202,2.5,,8/12/2015 14:23
48,145,3.5,,9/8/2015 7:20
49,205,1.5,,8/30/2015 13:24
50,178,4.5,,8/17/2015 23:28
51,275,1.5,,8/19/2015 0:48
52,138,3.5,,8/10/2015 13:35
53,380,3.5,,9/11/2015 0:12
54,430,4.5,,10/7/2015 15:59
55,238,4.5,,8/22/2015 3:11
56,376,3.5,,11/7/2015 22:54
57,125,3.5,,8/4/2015 6:28
58,91,0.5,,8/31/2015 9:58
59,410,0.5,,11/8/2015 23:16
60,1,2.5,,11/26/2015 5:47
61,64,2.5,,11/16/2015 13:48
62,140,3.5,,10/14/2015 22:49
63,269,4.5,,10/30/2015 21:07
64,169,1.5,,11/23/2015 17:47
65,338,2.5,,10/12/2015 16:37
66,106,4.5,,11/15/2015 12:29
67,213,4.5,,11/11/2015 10:41
68,283,0.5,,9/13/2015 23:37
69,425,1.5,,11/26/2015 4:03
70,18,1.5,,11/26/2015 18:22
71,360,1.5,,11/11/2015 1:52
72,405,2.5,,9/6/2015 13:38
73,489,0.5,,10/31/2015 0:30
74,142,4.5,11/4/2015 20:53,11/4/2015 20:10
75,110,3.5,10/4/2015 16:52,10/4/2015 13:29
76,150,1.5,8/24/2015 5:08,8/24/2015 3:27
77,283,4.5,,9/20/2015 6:08
78,302,0.5,,9/24/2015 1:09
79,445,3.5,,8/30/2015 5:10
80,168,0.5,,9/16/2015 19:23
81,231,4.5,10/13/2015 11:00,10/13/2015 10:47
82,28,1.5,,8/18/2015 14:58
83,343,2.5,,8/8/2015 8:16
84,200,0.5,,9/11/2015 11:23
85,153,0.5,,10/4/2015 3:46
86,324,3.5,,10/20/2015 11:31
87,352,0.5,,11/7/2015 17:26
88,396,2.5,,11/11/2015 13:08
89,444,3.5,11/27/2015 5:36,11/27/2015 3:17
90,99,4.5,,10/27/2015 16:54
91,21,3.5,,11/20/2015 16:53
92,39,4.5,,10/31/2015 1:39
93,38,2.5,,10/29/2015 15:44
94,261,2.5,,10/23/2015 15:04
95,296,1.5,,9/28/2015 16:43
96,174,1.5,,11/5/2015 0:04
97,447,3.5,,8/10/2015 22:56
98,334,4.5,,9/29/2015 6:53
99,420,0.5,,11/3/2015 19:31
100,346,3.5,,9/6/2015 23:57
101,71,3.5,,9/25/2015 15:25
102,184,3.5,,11/3/2015 2:10
103,30,3.5,10/20/2015 3:46,10/20/2015 0:18
104,116,2.5,,9/26/2015 9:51
105,52,2.5,,11/5/2015 3:51
106,377,3.5,,11/23/2015 8:27
107,176,4.5,,9/26/2015 7:21
108,229,1.5,,10/5/2015 12:07
109,371,2.5,,8/25/2015 9:54
110,466,0.5,,10/3/2015 17:12
111,384,0.5,,8/15/2015 9:10
112,14,4.5,,9/14/2015 11:21
113,350,4.5,,11/11/2015 8:40
114,377,4.5,,11/11/2015 23:29
115,263,1.5,,9/21/2015 20:30
116,132,2.5,,9/21/2015 22:29
117,220,1.5,,10/21/2015 22:28
118,116,3.5,,10/7/2015 19:06
119,257,1.5,,11/9/2015 8:42
120,323,0.5,,9/11/2015 12:57
121,261,0.5,,8/7/2015 10:43
122,280,0.5,,8/20/2015 18:00
123,291,4.5,,9/7/2015 12:14
124,249,0.5,9/20/2015 1:35,9/19/2015 22:12
125,360,1.5,11/8/2015 9:05,11/8/2015 6:20
126,307,3.5,,11/22/2015 3:57
127,239,3.5,,9/17/2015 9:40
128,418,1.5,,9/7/2015 4:38
129,339,1.5,,11/17/2015 21:43
130,376,2.5,,11/21/2015 14:39
131,265,4.5,,9/12/2015 1:25
132,149,1.5,,10/8/2015 22:09
133,33,1.5,,9/12/2015 11:03
134,23,2.5,,8/26/2015 0:03
135,38,0.5,,10/16/2015 2:20
136,468,0.5,,8/6/2015 21:37
137,462,4.5,,8/10/2015 17:27
138,305,2.5,,8/27/2015 11:44
139,68,0.5,,8/19/2015 4:39
140,33,3.5,,11/27/2015 2:59
141,485,2.5,,10/20/2015 20:50
142,233,3.5,,8/5/2015 10:55
143,107,0.5,,11/9/2015 6:32
144,316,1.5,,9/1/2015 20:03
145,449,0.5,,11/5/2015 1:10
146,42,1.5,11/27/2015 21:45,11/27/2015 18:41
147,461,0.5,,9/19/2015 12:05
148,127,0.5,,11/26/2015 10:56
149,238,1.5,,11/25/2015 4:35
150,7,0.5,,10/23/2015 5:17
151,299,1.5,8/12/2015 6:20,8/12/2015 2:26
152,30,2.5,,9/26/2015 19:22
153,253,2.5,,9/27/2015 20:24
154,388,3.5,,9/21/2015 18:54
155,466,1.5,8/6/2015 9:36,8/6/2015 5:27
156,411,2.5,,8/25/2015 17:30
157,445,2.5,,11/22/2015 0:03
158,210,2.5,,11/9/2015 2:32
159,117,1.5,,11/9/2015 12:22
160,479,4.5,,10/12/2015 19:52
161,445,0.5,,10/15/2015 1:41
162,278,2.5,,10/4/2015 6:33
163,307,0.5,,9/26/2015 22:55
164,295,3.5,,11/5/2015 4:37
165,353,3.5,,8/22/2015 11:05
166,26,3.5,,10/12/2015 12:38
167,182,1.5,,10/16/2015 21:41
168,136,4.5,,10/21/2015 18:01
169,463,4.5,,8/23/2015 23:14
170,235,2.5,,8/31/2015 23:08
171,320,1.5,,10/10/2015 11:29
172,450,1.5,,9/22/2015 13:01
173,261,2.5,,8/22/2015 9:55
174,430,1.5,,9/14/2015 13:56
175,43,2.5,,8/11/2015 19:42
176,348,4.5,,9/17/2015 9:41
177,333,1.5,,10/1/2015 9:57
178,178,0.5,8/6/2015 1:41,8/5/2015 21:45
179,104,0.5,,9/14/2015 8:29
180,406,2.5,,9/1/2015 9:24
181,103,3.5,,10/9/2015 21:03
182,74,3.5,,8/16/2015 0:42
183,134,1.5,,10/29/2015 12:38
184,437,2.5,,11/27/2015 7:59
185,20,3.5,,11/14/2015 6:22
186,450,4.5,,8/27/2015 14:31
187,42,3.5,,10/13/2015 3:42
188,428,2.5,,10/18/2015 10:26
189,392,0.5,,11/27/2015 8:07
190,244,3.5,,8/22/2015 7:44
191,452,1.5,,8/24/2015 10:35
192,123,0.5,,11/13/2015 18:32
193,411,1.5,,9/16/2015 12:01
194,316,1.5,,10/6/2015 5:08
195,334,4.5,,9/8/2015 8:15
196,92,0.5,,8/28/2015 13:08
197,459,4.5,,8/24/2015 23:41
198,83,0.5,,8/26/2015 16:52
199,410,4.5,,8/10/2015 8:58
200,479,1.5,,8/28/2015 14:11
201,170,1.5,,8/25/2015 13:03
202,454,4.5,8/31/2015 5:27,8/31/2015 1:30
203,357,0.5,,11/5/2015 9:25
204,230,3.5,,9/13/2015 21:52
205,166,4.5,,10/14/2015 13:16
206,275,4.5,,8/19/2015 7:46
207,362,0.5,,11/3/2015 0:13
208,68,2.5,,8/15/2015 9:25
209,89,2.5,,8/18/2015 4:16
210,249,4.5,,9/5/2015 22:43
211,2,3.5,,10/24/2015 18:56
212,485,2.5,,9/7/2015 3:53
213,78,1.5,,10/10/2015 0:54
214,199,0.5,,10/31/2015 21:51
215,348,3.5,,10/9/2015 6:30
216,33,3.5,,10/22/2015 7:24
217,27,3.5,,8/25/2015 12:19
218,350,1.5,,10/8/2015 16:12
219,121,2.5,,8/31/2015 8:28
220,147,3.5,9/29/2015 12:57,9/29/2015 10:08
221,402,3.5,,11/19/2015 19:29
222,278,0.5,,10/12/2015 9:36
223,82,0.5,,9/3/2015 12:16
224,290,3.5,,8/4/2015 3:47
225,496,0.5,,8/7/2015 18:36
226,237,0.5,,9/8/2015 15:21
227,215,2.5,,8/8/2015 11:56
228,308,0.5,,11/14/2015 2:07
229,174,4.5,,10/3/2015 7:02
230,226,3.5,,11/3/2015 23:23
231,252,1.5,,10/13/2015 13:23
232,443,1.5,,8/8/2015 21:32
233,476,3.5,,9/13/2015 22:56
234,490,3.5,,10/4/2015 7:47
235,426,4.5,,8/5/2015 16:02
236,280,2.5,,10/30/2015 17:39
237,464,2.5,,9/21/2015 1:58
238,120,4.5,,11/9/2015 1:16
239,452,2.5,,8/17/2015 19:04
240,87,1.5,,9/29/2015 16:55
241,17,0.5,,9/9/2015 11:56
242,2,0.5,,10/24/2015 13:02
243,436,3.5,,9/9/2015 2:00
244,430,4.5,,8/15/2015 21:09
245,56,1.5,,10/29/2015 8:03
246,239,2.5,,11/23/2015 12:15
247,148,1.5,,11/8/2015 19:37
248,481,4.5,,10/28/2015 17:28
249,109,3.5,,11/2/2015 5:47
250,355,3.5,,10/23/2015 8:43
251,90,4.5,,9/3/2015 22:37
252,88,4.5,,9/5/2015 6:17
253,211,1.5,,9/25/2015 0:49
254,474,3.5,,9/23/2015 2:28
255,68,4.5,,8/10/2015 15:26
256,228,4.5,,8/12/2015 1:29
257,139,4.5,,9/27/2015 17:22
258,349,4.5,11/2/2015 1:29,11/2/2015 0:53
259,266,1.5,,9/1/2015 23:50
260,135,4.5,,10/7/2015 3:50
261,51,3.5,,10/13/2015 10:40
262,19,4.5,11/20/2015 3:35,11/19/2015 23:40
263,319,4.5,9/29/2015 4:58,9/29/2015 4:43
264,22,0.5,,10/19/2015 4:59
265,217,3.5,,11/12/2015 11:51
266,369,0.5,,8/21/2015 16:47
267,163,1.5,,11/21/2015 7:53
268,119,3.5,,10/31/2015 14:40
269,479,0.5,,10/31/2015 20:23
270,356,4.5,,8/17/2015 3:49
271,78,0.5,,10/28/2015 6:44
272,283,0.5,,8/6/2015 17:18
273,462,2.5,,10/27/2015 19:31
274,217,4.5,,8/12/2015 9:31
275,488,3.5,,8/17/2015 3:29
276,358,0.5,,9/9/2015 2:11
277,68,4.5,8/10/2015 20:08,8/10/2015 15:14
278,80,2.5,,11/1/2015 19:11
279,39,2.5,,11/15/2015 3:07
280,143,2.5,,9/13/2015 15:42
281,230,2.5,,10/16/2015 6:03
282,293,4.5,,8/29/2015 6:51
283,407,2.5,,9/30/2015 22:28
284,30,0.5,,10/3/2015 1:07
285,399,0.5,,8/23/2015 22:42
286,438,0.5,,9/14/2015 8:34
287,245,2.5,,8/15/2015 1:42
288,457,0.5,,10/14/2015 9:58
289,210,3.5,,10/27/2015 20:07
290,417,4.5,,9/2/2015 13:33
291,463,4.5,,10/24/2015 22:51
292,341,4.5,8/28/2015 8:25,8/28/2015 3:31
293,322,4.5,,8/23/2015 19:26
294,222,4.5,,9/1/2015 23:49
295,319,4.5,,10/28/2015 23:34
296,381,2.5,,8/23/2015 7:48
297,3,4.5,,9/7/2015 7:16
298,489,4.5,,11/9/2015 22:18
299,84,1.5,9/29/2015 19:24,9/29/2015 18:31
300,479,0.5,,11/8/2015 22:19
301,411,2.5,,10/14/2015 5:25
302,11,3.5,,11/15/2015 16:28
303,91,1.5,,11/6/2015 6:33
304,465,2.5,,9/23/2015 22:45
305,174,2.5,,11/19/2015 22:17
306,319,2.5,,8/7/2015 11:28
307,168,0.5,,9/7/2015 20:54
308,458,0.5,,10/29/2015 9:56
309,369,0.5,,8/16/2015 12:13
310,305,3.5,,9/15/2015 8:51
311,469,4.5,,8/14/2015 19:50
312,297,3.5,,8/20/2015 12:44
313,250,3.5,,9/12/2015 10:47
314,122,2.5,,11/23/2015 21:38
315,60,3.5,,8/7/2015 20:09
316,347,2.5,,9/9/2015 22:26
317,398,3.5,,10/10/2015 0:14
318,299,3.5,,9/23/2015 15:52
319,499,4.5,,11/10/2015 9:34
320,155,4.5,,10/29/2015 17:33
321,380,2.5,,10/26/2015 12:59
322,436,3.5,,10/25/2015 2:22
323,452,4.5,,11/24/2015 8:57
324,400,3.5,,10/26/2015 9:43
325,323,3.5,11/12/2015 13:57,11/12/2015 11:54
326,1,2.5,,11/17/2015 12:52
327,266,0.5,,10/4/2015 16:45
328,192,2.5,,10/8/2015 21:10
329,325,1.5,,8/6/2015 8:46
330,384,3.5,,9/7/2015 16:53
331,244,3.5,,9/12/2015 2:57
332,379,3.5,,10/13/2015 13:53
333,55,4.5,,10/11/2015 2:08
334,309,4.5,,10/20/2015 8:33
335,254,4.5,,11/5/2015 23:45
336,263,0.5,,11/2/2015 11:53
337,360,4.5,,11/17/2015 10:16
338,223,1.5,,8/15/2015 2:21
339,172,0.5,,8/31/2015 15:01
340,73,4.5,,9/10/2015 13:54
341,204,1.5,,9/18/2015 0:50
342,293,3.5,,8/13/2015 11:56
343,157,2.5,,9/23/2015 12:17
344,207,3.5,9/18/2015 6:49,9/18/2015 5:53
345,392,2.5,,9/25/2015 13:03
346,209,3.5,,8/7/2015 13:50
347,178,3.5,,9/28/2015 13:31
348,366,2.5,,10/11/2015 5:54
349,374,1.5,,10/7/2015 7:08
350,94,0.5,,11/26/2015 20:40
351,453,3.5,11/9/2015 3:35,11/9/2015 1:44
352,484,0.5,,10/28/2015 22:20
353,453,1.5,8/11/2015 13:39,8/11/2015 13:21
354,336,0.5,,8/17/2015 8:55
355,54,1.5,,11/4/2015 11:33
356,455,4.5,,11/16/2015 10:29
357,70,2.5,,10/2/2015 2:33
358,234,4.5,8/9/2015 18:37,8/9/2015 17:46
359,344,2.5,,8/16/2015 4:30
360,33,0.5,,11/18/2015 1:00
361,406,1.5,,9/8/2015 4:42
362,481,4.5,,8/14/2015 0:22
363,166,0.5,,11/10/2015 6:24
364,446,2.5,,9/25/2015 7:56
365,90,2.5,,8/8/2015 15:10
366,92,0.5,10/23/2015 3:11,10/23/2015 0:40
367,11,2.5,,9/24/2015 2:25
368,189,0.5,,8/22/2015 17:02
369,226,2.5,,9/4/2015 9:13
370,375,1.5,,11/18/2015 20:12
371,180,4.5,,10/31/2015 14:52
372,363,4.5,,10/14/2015 8:56
373,270,1.5,,11/15/2015 11:05
374,71,0.5,11/22/2015 22:26,11/22/2015 17:46
375,400,4.5,,10/13/2015 19:31
376,162,2.5,,11/22/2015 12:10
377,34,0.5,8/30/2015 3:23,8/29/2015 23:14
378,251,1.5,11/17/2015 6:20,11/17/2015 2:44
379,159,1.5,,9/24/2015 21:51
380,309,2.5,,10/23/2015 23:10
381,91,3.5,,8/17/2015 10:06
382,318,2.5,,9/28/2015 15:38
383,381,4.5,9/3/2015 6:12,9/3/2015 4:22
384,462,1.5,,9/7/2015 22:16
385,341,1.5,,11/19/2015 9:04
386,258,3.5,,8/26/2015 0:14
387,211,1.5,,11/1/2015 13:46
388,388,3.5,,10/20/2015 11:57
389,388,4.5,,9/29/2015 8:34
390,238,3.5,,9/3/2015 3:39
391,48,4.5,,11/7/2015 10:42
392,106,0.5,,8/25/2015 20:09
393,175,4.5,,10/20/2015 21:29
394,261,0.5,,9/2/2015 21:07
395,148,0.5,,9/12/2015 19:20
396,475,4.5,,8/13/2015 6:19
397,60,3.5,,8/15/2015 13:36
398,432,4.5,,11/18/2015 0:07
399,106,1.5,8/17/2015 18:46,8/17/2015 18:06
400,238,1.5,,8/31/2015 6:32
401,428,4.5,,11/26/2015 21:16
402,130,3.5,,9/10/2015 1:10
403,495,3.5,,8/18/2015 0:17
404,128,4.5,11/6/2015 18:42,11/6/2015 15:36
405,54,3.5,,10/5/2015 1:52
406,430,2.5,,9/24/2015 8:26
407,288,4.5,9/21/2015 12:32,9/21/2015 12:29
408,5,2.5,,8/9/2015 5:57
409,226,2.5,,11/22/2015 13:10
410,270,0.5,,10/3/2015 3:27
411,241,1.5,,9/19/2015 0:33
412,155,1.5,,9/7/2015 8:06
413,246,4.5,8/14/2015 7:54,8/14/2015 4:25
414,110,2.5,,9/30/2015 8:15
415,178,0.5,,8/12/2015 5:36
416,391,1.5,10/27/2015 17:25,10/27/2015 15:32
417,11,3.5,,11/25/2015 22:30
418,221,4.5,,8/24/2015 13:00
419,436,1.5,,9/14/2015 12:46
420,400,4.5,,10/7/2015 12:00
421,67,1.5,,11/20/2015 14:33
422,202,0.5,,8/19/2015 12:42
423,227,2.5,,11/21/2015 12:55
424,343,3.5,,9/16/2015 2:08
425,183,4.5,,11/20/2015 23:32
426,185,3.5,,8/30/2015 9:14
427,473,2.5,,11/14/2015 0:37
428,123,4.5,,8/12/2015 15:00
429,12,1.5,,11/19/2015 12:10
430,417,1.5,,11/21/2015 12:14
431,233,4.5,,9/15/2015 3:38
432,492,0.5,,11/7/2015 13:15
433,310,0.5,,10/31/2015 23:04
434,315,1.5,8/27/2015 4:27,8/27/2015 3:21
435,251,1.5,,10/5/2015 16:05
436,390,0.5,,9/7/2015 20:43
437,59,2.5,,10/4/2015 12:47
438,488,2.5,,8/24/2015 11:02
439,95,0.5,,9/27/2015 3:43
440,449,4.5,,8/16/2015 0:45
441,44,1.5,,11/10/2015 18:18
442,283,0.5,11/10/2015 16:37,11/10/2015 11:57
443,499,4.5,,11/3/2015 12:20
444,366,3.5,,10/27/2015 20:22
445,296,2.5,,10/16/2015 12:10
446,119,3.5,,8/6/2015 9:51
447,334,4.5,,11/2/2015 2:27
448,130,4.5,,8/24/2015 8:00
449,143,1.5,,8/27/2015 4:41
450,188,0.5,,9/30/2015 19:30
451,82,0.5,,10/6/2015 20:44
452,61,0.5,,10/30/2015 20:55
453,491,0.5,,10/11/2015 12:32
454,334,3.5,,10/10/2015 15:00
455,492,1.5,,9/22/2015 3:55
456,119,0.5,,11/6/2015 2:48
457,442,2.5,,9/28/2015 12:15
458,154,2.5,11/1/2015 17:19,11/1/2015 12:59
459,68,0.5,,9/25/2015 14:06
460,73,4.5,,8/7/2015 6:06
461,268,1.5,11/14/2015 5:34,11/14/2015 0:57
462,480,4.5,,8/28/2015 4:16
463,273,1.5,,10/9/2015 9:49
464,67,0.5,,10/21/2015 18:45
465,8,2.5,,9/5/2015 1:51
466,46,4.5,,9/21/2015 4:11
467,406,3.5,,10/9/2015 11:41
468,270,4.5,,10/16/2015 15:36
469,236,1.5,,8/31/2015 0:52
470,26,1.5,,9/24/2015 4:41
471,458,3.5,,10/5/2015 9:13
472,66,3.5,,10/16/2015 4:29
473,142,1.5,,10/20/2015 8:23
474,428,2.5,,10/18/2015 18:06
475,91,0.5,,9/29/2015 0:53
476,41,3.5,,8/19/2015 3:32
477,181,0.5,,10/21/2015 2:04
478,15,0.5,,10/28/2015 23:24
479,172,0.5,,11/10/2015 14:38
480,451,2.5,,11/20/2015 11:36
481,171,4.5,,9/24/2015 10:07
482,241,2.5,,8/7/2015 21:01
483,21,3.5,,11/15/2015 13:45
484,456,3.5,,11/10/2015 4:42
485,72,2.5,,10/8/2015 9:28
486,47,3.5,,8/29/2015 18:09
487,406,3.5,,11/15/2015 7:11
488,131,2.5,,9/13/2015 21:22
489,490,4.5,10/25/2015 17:24,10/25/2015 13:02
490,170,1.5,,11/23/2015 2:05
491,208,2.5,,10/10/2015 18:18
492,13,1.5,,11/9/2015 15:53
493,242,4.5,,11/1/2015 17:30
494,14,1.5,,9/1/2015 14:51
495,369,2.5,,9/13/2015 7:10
496,53,4.5,,11/18/2015 21:39
497,209,2.5,,9/16/2015 9:08
498,161,0.5,,11/24/2015 15:04
499,343,3.5,9/14/2015 15:01,9/14/2015 10:37
500,234,3.5,,11/26/2015 19:58
501,413,1.5,,9/4/2015 8:41
502,67,2.5,,8/18/2015 4:46
503,108,3.5,,11/7/2015 18:35
504,320,1.5,,9/2/2015 8:15
505,30,2.5,,10/25/2015 10:54
506,384,2.5,,9/17/2015 19:11
507,384,2.5,,8/26/2015 6:48
508,480,1.5,,9/5/2015 17:15
509,485,0.5,,8/7/2015 1:54
510,419,0.5,,11/1/2015 14:19
511,436,1.5,,10/17/2015 14:23
512,331,1.5,,9/21/2015 8:46
513,438,0.5,9/3/2015 0:14,9/2/2015 22:19
514,187,2.5,,9/26/2015 11:50
515,467,1.5,,9/24/2015 1:43
516,44,0.5,,9/22/2015 21:17
517,373,0.5,,11/23/2015 22:18
518,204,2.5,,8/17/2015 16:30
519,470,3.5,,10/1/2015 10:00
520,117,3.5,8/10/2015 19:36,8/10/2015 16:50
521,373,1.5,,9/18/2015 11:16
522,435,3.5,,10/16/2015 7:23
523,344,1.5,,10/2/2015 3:25
524,33,4.5,,10/7/2015 10:29
525,53,4.5,,10/24/2015 21:15
526,168,1.5,,11/24/2015 7:03
527,159,0.5,,8/27/2015 18:09
528,363,2.5,,10/1/2015 8:42
529,195,1.5,,11/20/2015 0:12
530,469,0.5,,9/7/2015 18:09
531,76,1.5,,10/9/2015 18:18
532,299,3.5,,8/10/2015 8:01
533,434,4.5,,10/25/2015 5:04
534,89,3.5,,9/29/2015 1:05
535,49,0.5,,9/5/2015 0:08
536,131,0.5,,11/21/2015 3:32
537,137,2.5,10/30/2015 7:11,10/30/2015 5:53
538,436,1.5,,11/20/2015 5:40
539,309,1.5,,9/28/2015 11:07
540,404,0.5,,11/16/2015 13:53
541,446,2.5,,11/9/2015 18:34
542,176,2.5,,9/27/2015 7:11
543,251,1.5,,9/23/2015 16:01
544,131,4.5,,8/15/2015 20:13
545,139,2.5,,9/18/2015 12:35
546,192,1.5,,9/22/2015 23:56
547,376,2.5,,9/18/2015 1:28
548,115,2.5,8/21/2015 23:18,8/21/2015 22:21
549,194,1.5,,8/7/2015 9:35
550,396,2.5,,11/9/2015 12:08
551,8,2.5,,10/8/2015 13:24
552,115,2.5,,10/11/2015 16:00
553,434,4.5,,11/16/2015 5:04
554,5,3.5,,8/25/2015 6:26
555,245,4.5,,9/12/2015 12:42
556,314,0.5,,9/7/2015 13:39
557,67,3.5,,8/30/2015 21:30
558,335,4.5,,8/22/2015 4:59
559,338,2.5,,8/14/2015 5:44
560,85,0.5,,10/13/2015 9:32
561,440,1.5,,8/15/2015 13:49
562,478,2.5,,10/7/2015 10:05
563,374,3.5,,9/26/2015 10:02
564,34,2.5,9/17/2015 7:49,9/17/2015 5:13
565,218,2.5,,9/22/2015 0:03
566,258,2.5,,11/6/2015 4:54
567,223,1.5,,9/18/2015 21:15
568,2,3.5,,9/12/2015 7:30
569,32,1.5,8/27/2015 6:17,8/27/2015 3:10
570,156,4.5,,10/10/2015 22:48
571,485,3.5,,10/15/2015 6:53
572,184,2.5,,10/7/2015 7:37
573,211,2.5,11/8/2015 3:39,11/8/2015 0:00
574,376,4.5,,8/5/2015 11:01
575,112,2.5,,9/15/2015 17:48
576,137,2.5,,9/7/2015 1:56
577,87,0.5,,10/27/2015 22:35
578,378,1.5,,10/28/2015 16:48
579,360,1.5,,10/5/2015 19:44
580,353,0.5,,9/29/2015 17:45
581,69,2.5,,11/18/2015 3:21
582,379,4.5,,11/18/2015 12:01
583,74,1.5,,11/1/2015 19:22
584,306,0.5,,10/22/2015 6:21
585,166,2.5,,9/18/2015 1:54
586,58,0.5,,11/18/2015 6:18
587,201,0.5,,9/19/2015 18:45
588,285,1.5,9/17/2015 7:51,9/17/2015 5:21
589,156,1.5,,11/24/2015 0:45
590,197,3.5,,10/25/2015 8:11
591,275,3.5,,11/6/2015 9:12
592,140,2.5,,10/18/2015 21:02
593,107,2.5,,8/23/2015 16:55
594,406,2.5,10/22/2015 7:12,10/22/2015 5:42
595,37,2.5,,11/7/2015 22:27
596,310,1.5,,10/21/2015 23:58
597,239,3.5,,9/16/2015 19:57
598,90,2.5,,10/22/2015 8:25
599,143,3.5,,8/30/2015 22:48
600,478,0.5,,9/23/2015 1:23
601,177,0.5,,8/5/2015 3:43
602,346,4.5,,11/11/2015 4:44
603,291,0.5,,11/9/2015 8:29
604,409,3.5,,11/11/2015 13:39
605,194,4.5,,9/21/2015 7:13
606,197,2.5,,8/14/2015 16:35
607,303,2.5,9/7/2015 15:20,9/7/2015 13:47
608,12,1.5,,10/20/2015 12:32
609,290,0.5,,9/11/2015 0:14
610,237,4.5,,8/19/2015 19:02
611,245,2.5,,11/27/2015 1:44
612,397,1.5,,8/5/2015 10:19
613,448,0.5,,8/26/2015 17:15
614,300,0.5,,10/14/2015 1:26
615,163,2.5,,10/30/2015 23:57
616,72,2.5,,8/29/2015 17:16
617,191,3.5,,8/15/2015 2:50
618,188,1.5,,10/10/2015 7:27
619,439,1.5,,11/21/2015 9:33
620,63,1.5,,10/11/2015 1:11
621,15,1.5,,9/11/2015 21:00
622,88,0.5,,8/24/2015 19:12
623,5,0.5,,9/14/2015 6:00
624,56,2.5,,10/30/2015 16:25
625,456,2.5,,8/29/2015 9:45
626,472,2.5,,10/18/2015 9:20
627,199,1.5,,10/25/2015 4:04
628,268,4.5,,10/30/2015 1:18
629,120,4.5,,8/16/2015 0:22
630,147,4.5,,8/23/2015 13:45
631,219,2.5,,10/11/2015 21:37
632,199,4.5,,10/17/2015 20:25
633,191,3.5,,8/7/2015 0:17
634,210,3.5,,10/2/2015 23:43
635,71,4.5,,10/22/2015 5:52
636,458,3.5,,10/11/2015 22:30
637,485,2.5,,9/30/2015 6:00
638,336,2.5,,8/19/2015 19:29
639,254,0.5,,11/15/2015 3:18
640,281,3.5,,9/17/2015 18:43
641,204,4.5,,8/14/2015 7:53
642,78,3.5,,9/3/2015 15:14
643,127,0.5,,11/16/2015 18:31
644,250,4.5,,9/18/2015 6:46
645,403,2.5,,10/27/2015 23:28
646,129,3.5,,11/16/2015 6:09
647,84,0.5,,10/14/2015 13:10
648,398,3.5,,9/5/2015 15:17
649,125,2.5,,10/28/2015 2:22
650,434,2.5,,10/10/2015 16:49
651,283,0.5,,10/5/2015 7:12
652,302,0.5,,8/16/2015 9:53
653,158,2.5,,10/26/2015 22:21
654,110,0.5,8/11/2015 11:49,8/11/2015 9:56
655,303,2.5,,8/23/2015 20:05
656,367,0.5,,8/22/2015 19:26
657,480,2.5,,10/30/2015 16:09
658,138,4.5,,9/15/2015 5:20
659,181,3.5,,9/11/2015 8:30
660,317,0.5,,8/26/2015 22:54
661,441,0.5,,10/7/2015 6:32
662,4,4.5,,8/28/2015 9:34
663,72,4.5,,11/24/2015 0:55
664,105,2.5,,11/26/2015 8:23
665,421,0.5,,10/3/2015 5:02
666,321,1.5,,10/14/2015 20:08
667,415,3.5,,11/24/2015 2:18
668,310,0.5,,10/12/2015 1:18
669,76,4.5,,8/4/2015 20:49
670,398,2.5,,9/10/2015 14:23
671,303,0.5,,8/16/2015 6:01
672,456,2.5,,10/1/2015 20:17
673,412,4.5,11/3/2015 11:57,11/3/2015 9:27
674,435,1.5,,11/10/2015 0:18
675,21,1.5,,9/26/2015 5:46
676,421,1.5,,9/7/2015 1:24
677,285,4.5,,8/22/2015 5:37
678,399,3.5,,8/8/2015 0:02
679,3,2.5,,10/18/2015 21:51
680,490,2.5,,10/22/2015 22:57
681,293,2.5,,8/29/2015 4:18
682,388,1.5,,10/3/2015 20:11
683,74,4.5,,11/5/2015 5:25
684,272,2.5,,10/22/2015 1:34
685,345,4.5,,9/6/2015 11:17
686,209,3.5,,10/17/2015 14:02
687,234,0.5,,11/2/2015 7:00
688,36,4.5,,9/18/2015 11:48
689,298,1.5,,8/29/2015 23:01
690,450,2.5,,11/5/2015 23:59
691,63,2.5,,11/19/2015 6:05
692,209,4.5,,9/27/2015 13:39
693,11,4.5,,8/7/2015 0:53
694,395,4.5,,10/24/2015 1:21
695,213,0.5,,11/5/2015 1:22
696,356,3.5,,9/8/2015 13:16
697,434,4.5,,11/16/2015 10:26
698,122,2.5,,8/16/2015 23:59
699,290,1.5,,10/23/2015 7:54
700,467,0.5,,11/10/2015 10:24
701,499,0.5,,9/4/2015 10:58
702,6,4.5,,10/15/2015 13:28
703,130,0.5,,11/12/2015 23:58
704,403,4.5,,8/5/2015 12:37
705,393,3.5,,8/29/2015 15:15
706,37,3.5,,8/14/2015 1:23
707,295,4.5,,11/17/2015 14:58
708,337,1.5,,10/2/2015 21:02
709,174,2.5,,10/6/2015 7:35
710,139,4.5,,9/24/2015 21:54
711,357,2.5,,8/5/2015 20:51
712,207,1.5,,10/12/2015 2:57
713,161,1.5,,10/11/2015 8:38
714,181,3.5,,9/5/2015 1:44
715,325,4.5,,8/26/2015 19:56
716,412,1.5,,8/27/2015 16:01
717,288,3.5,,11/6/2015 15:08
718,335,1.5,,9/28/2015 10:41
719,313,2.5,,11/12/2015 4:35
720,33,4.5,,10/31/2015 10:24
721,342,2.5,,10/20/2015 8:59
722,27,2.5,,8/17/2015 4:43
723,245,4.5,,11/8/2015 2:21
724,345,2.5,,11/13/2015 22:17
725,23,2.5,,10/22/2015 7:29
726,164,0.5,,9/2/2015 18:59
727,101,4.5,,9/29/2015 10:19
728,131,2.5,,10/6/2015 4:01
729,235,4.5,,10/25/2015 9:29
730,189,1.5,,10/25/2015 20:58
731,99,2.5,,11/7/2015 20:14
732,325,2.5,,9/6/2015 11:29
733,75,3.5,,11/12/2015 9:34
734,118,1.5,,10/6/2015 21:33
735,326,3.5,,10/19/2015 16:13
736,251,1.5,,11/25/2015 2:28
737,140,1.5,,8/14/2015 13:05
738,465,1.5,,9/29/2015 8:07
739,201,1.5,,9/6/2015 23:47
740,351,1.5,,11/20/2015 5:48
741,279,2.5,,8/23/2015 0:38
742,305,1.5,,11/21/2015 14:59
743,288,3.5,,8/15/2015 7:51
744,471,0.5,,10/25/2015 19:34
745,295,4.5,,10/18/2015 19:56
746,259,0.5,,11/23/2015 22:31
747,75,3.5,,10/15/2015 2:29
748,64,3.5,,11/25/2015 2:08
749,141,0.5,,11/2/2015 5:26
750,194,3.5,,9/5/2015 15:17
751,261,0.5,,8/15/2015 14:22
752,271,2.5,,10/25/2015 21:11
753,459,1.5,,9/2/2015 11:10
754,175,3.5,,10/3/2015 10:18
755,334,3.5,,11/1/2015 15:53
756,176,0.5,,11/7/2015 6:42
757,412,3.5,,11/4/2015 3:25
758,217,0.5,,8/5/2015 7:32
759,166,1.5,,11/22/2015 5:49
760,251,2.5,,8/12/2015 19:07
761,415,0.5,,10/15/2015 17:03
762,293,2.5,,10/12/2015 18:01
763,451,0.5,,11/26/2015 8:08
764,473,4.5,,11/11/2015 8:59
765,488,3.5,,10/20/2015 20:02
766,328,0.5,,8/8/2015 0:34
767,453,1.5,,10/9/2015 1:58
768,397,1.5,,11/10/2015 11:46
769,255,2.5,,9/22/2015 8:21
770,14,0.5,,9/20/2015 19:04
771,20,2.5,,9/16/2015 8:50
772,293,2.5,,10/30/2015 6:45
773,69,3.5,,10/10/2015 15:09
774,467,4.5,,10/25/2015 6:05
775,282,4.5,,10/27/2015 0:12
776,168,4.5,,8/18/2015 11:36
777,478,1.5,,11/8/2015 22:37
778,360,3.5,,8/13/2015 7:45
779,364,2.5,,8/30/2015 1:38
780,452,1.5,,10/10/2015 0:13
781,412,1.5,,11/26/2015 14:27
782,398,4.5,,9/28/2015 14:40
783,352,2.5,,10/8/2015 21:13
784,452,1.5,,8/12/2015 3:11
785,52,0.5,,9/29/2015 19:38
786,476,1.5,,8/6/2015 4:04
787,143,3.5,,11/24/2015 15:15
788,234,3.5,10/3/2015 14:43,10/3/2015 12:59
789,265,3.5,,8/16/2015 19:04
790,449,0.5,,9/20/2015 12:04
791,388,4.5,,11/20/2015 16:20
792,446,3.5,,9/27/2015 17:52
793,367,1.5,,10/22/2015 1:48
794,116,3.5,,11/25/2015 12:58
795,56,4.5,,9/22/2015 1:29
796,312,1.5,,11/11/2015 20:02
797,221,2.5,,10/22/2015 8:31
798,282,3.5,,8/24/2015 9:48
799,277,4.5,,11/13/2015 18:53
800,137,2.5,,8/23/2015 4:10
801,367,1.5,,8/14/2015 22:53
802,262,4.5,,9/26/2015 22:36
803,420,1.5,,11/5/2015 21:06
804,239,3.5,11/15/2015 6:34,11/15/2015 4:47
805,196,1.5,,11/10/2015 16:11
806,188,3.5,,10/14/2015 19:05
807,480,0.5,,8/18/2015 0:37
808,85,2.5,,11/4/2015 16:03
809,306,0.5,,10/16/2015 1:43
810,407,0.5,,10/12/2015 6:02
811,446,1.5,8/26/2015 6:38,8/26/2015 5:00
812,97,2.5,,8/16/2015 7:23
813,140,3.5,10/3/2015 6:05,10/3/2015 3:59
814,487,1.5,,9/28/2015 2:12
815,30,3.5,,9/1/2015 16:03
816,246,2.5,,10/8/2015 16:42
817,303,1.5,,8/29/2015 2:19
818,256,3.5,,8/19/2015 1:21
819,438,4.5,,10/20/2015 19:10
820,45,3.5,,9/1/2015 9:31
821,486,3.5,,11/15/2015 18:18
822,443,0.5,,8/10/2015 22:30
823,245,2.5,,10/9/2015 10:02
824,123,2.5,,10/30/2015 7:34
825,472,2.5,,9/22/2015 9:28
826,227,0.5,,9/9/2015 8:41
827,190,1.5,,10/4/2015 15:16
828,69,2.5,,9/4/2015 8:28
829,2,0.5,,11/25/2015 18:29
830,61,0.5,,8/21/2015 7:48
831,93,3.5,,11/4/2015 18:04
832,218,4.5,,9/10/2015 2:13
833,266,4.5,9/15/2015 18:42,9/15/2015 14:59
834,463,1.5,,8/17/2015 12:55
835,445,2.5,,10/3/2015 20:42
836,130,1.5,,11/9/2015 12:09
837,65,2.5,,8/26/2015 12:14
838,205,4.5,,8/31/2015 11:51
839,8,3.5,,11/22/2015 0:29
840,203,1.5,,11/13/2015 9:14
841,375,2.5,,10/15/2015 6:46
842,180,2.5,,11/8/2015 16:15
843,126,0.5,,9/17/2015 15:28
844,436,1.5,,9/13/2015 1:50
845,395,0.5,,10/16/2015 21:30
846,241,2.5,,9/23/2015 3:10
847,229,4.5,,10/7/2015 16:18
848,285,4.5,,11/8/2015 4:42
849,480,2.5,,11/18/2015 17:04
850,86,4.5,10/28/2015 19:29,10/28/2015 18:21
851,67,2.5,,11/23/2015 11:35
852,70,4.5,,8/21/2015 11:54
853,398,0.5,,11/13/2015 16:22
854,462,2.5,,11/17/2015 15:54
855,288,3.5,,9/13/2015 12:08
856,8,4.5,,10/16/2015 20:59
857,144,0.5,,11/1/2015 16:35
858,250,4.5,,9/8/2015 7:15
859,178,2.5,,10/23/2015 5:45
860,268,4.5,,8/19/2015 3:38
861,21,2.5,,11/6/2015 21:28
862,305,3.5,,10/24/2015 2:36
863,330,3.5,,10/7/2015 13:17
864,214,0.5,,10/26/2015 23:58
865,221,1.5,,11/23/2015 18:18
866,308,2.5,,9/17/2015 15:01
867,242,3.5,,10/11/2015 16:27
868,127,4.5,,9/29/2015 11:35
869,104,0.5,,8/11/2015 4:36
870,260,0.5,10/1/2015 15:55,10/1/2015 12:47
871,409,3.5,,9/29/2015 16:45
872,24,0.5,,8/4/2015 18:52
873,354,1.5,,8/19/2015 3:11
874,148,2.5,,9/4/2015 12:49
875,279,0.5,,8/9/2015 8:12
876,31,2.5,,10/30/2015 15:18
877,241,2.5,,9/9/2015 2:28
878,376,3.5,,9/25/2015 1:09
879,145,3.5,,10/29/2015 22:39
880,249,0.5,11/19/2015 11:16,11/19/2015 10:58
881,245,0.5,,10/17/2015 14:59
882,275,4.5,10/13/2015 19:48,10/13/2015 18:11
883,207,4.5,,9/22/2015 12:54
884,471,2.5,9/5/2015 10:27,9/5/2015 6:44
885,6,3.5,,9/6/2015 22:11
886,275,0.5,,8/7/2015 3:11
887,186,4.5,,10/27/2015 7:59
888,138,0.5,,11/20/2015 7:46
889,175,4.5,,8/7/2015 11:35
890,262,4.5,,9/6/2015 22:40
891,99,4.5,,8/19/2015 10:14
892,118,3.5,,8/5/2015 21:25
893,494,4.5,,8/13/2015 9:31
894,441,3.5,,8/27/2015 13:05
895,218,4.5,,9/20/2015 1:21
896,400,3.5,,11/10/2015 4:17
897,107,2.5,,11/15/2015 10:45
898,442,1.5,,10/12/2015 0:47
899,263,1.5,,8/7/2015 15:01
900,459,4.5,,9/24/2015 22:03
901,261,2.5,,8/25/2015 5:23
902,378,3.5,,11/2/2015 14:00
903,76,3.5,,8/24/2015 17:56
904,78,4.5,,8/12/2015 23:28
905,360,4.5,,10/28/2015 12:23
906,398,3.5,,10/11/2015 14:57
907,440,0.5,,9/5/2015 1:19
908,31,1.5,,8/12/2015 0:08
909,53,2.5,,8/27/2015 17:55
910,329,0.5,,11/6/2015 15:26
911,48,3.5,,10/18/2015 8:44
912,112,4.5,8/7/2015 8:06,8/7/2015 5:13
913,69,2.5,,11/8/2015 22:38
914,83,1.5,,10/22/2015 0:29
915,396,2.5,,8/20/2015 1:35
916,31,3.5,,10/1/2015 2:50
917,139,4.5,,11/27/2015 5:32
918,362,1.5,,10/10/2015 6:07
919,344,2.5,,11/7/2015 20:57
920,12,0.5,,8/31/2015 4:28
921,169,3.5,,9/14/2015 3:30
922,91,4.5,,8/18/2015 0:08
923,333,0.5,,11/23/2015 0:40
924,88,2.5,,9/21/2015 12:46
925,37,4.5,,11/13/2015 21:42
926,434,1.5,,8/5/2015 16:20
927,307,1.5,,11/25/2015 22:27
928,34,1.5,,8/28/2015 22:19
929,238,0.5,,9/8/2015 3:03
930,258,2.5,,11/16/2015 17:34
931,94,0.5,,11/22/2015 18:58
932,244,0.5,,11/7/2015 2:33
933,462,4.5,11/17/2015 16:14,11/17/2015 12:32
934,303,2.5,,11/8/2015 1:03
935,350,2.5,,8/24/2015 11:56
936,374,3.5,,11/21/2015 23:50
937,77,1.5,,11/16/2015 19:27
938,389,1.5,,10/17/2015 9:56
939,367,0.5,,9/10/2015 0:15
940,348,0.5,,10/9/2015 0:06
941,434,0.5,11/10/2015 11:26,11/10/2015 8:18
942,8,3.5,,9/7/2015 11:05
943,85,2.5,,8/18/2015 17:15
944,348,0.5,,9/6/2015 4:54
945,108,1.5,,8/20/2015 14:59
946,461,4.5,,8/12/2015 18:26
947,1,0.5,,9/2/2015 0:02
948,292,3.5,,11/1/2015 23:55
949,464,2.5,,8/29/2015 7:13
950,449,3.5,10/23/2015 13:33,10/23/2015 9:58
951,342,1.5,,11/23/2015 22:16
952,29,0.5,,11/19/2015 5:50
953,273,4.5,,8/5/2015 9:12
954,477,3.5,,10/25/2015 4:35
955,335,0.5,,8/8/2015 14:49
956,486,1.5,,10/10/2015 15:52
957,278,3.5,,10/20/2015 17:18
958,188,1.5,,8/6/2015 9:29
959,208,0.5,,11/9/2015 23:34
960,268,4.5,8/13/2015 18:11,8/13/2015 13:12
961,421,3.5,,8/25/2015 1:20
962,471,4.5,,10/21/2015 11:16
963,452,4.5,,10/2/2015 19:59
964,41,0.5,,10/22/2015 21:18
965,327,4.5,,9/20/2015 18:47
966,369,2.5,,11/27/2015 0:19
967,381,3.5,,10/31/2015 14:30
968,279,1.5,,9/22/2015 3:38
969,414,1.5,,8/13/2015 13:27
970,22,3.5,,11/2/2015 1:15
971,490,2.5,,9/4/2015 1:24
972,214,3.5,,11/18/2015 4:19
973,8,2.5,,11/24/2015 0:19
974,348,3.5,,8/24/2015 4:25
975,332,0.5,,11/12/2015 10:38
976,422,3.5,,11/7/2015 15:23
977,108,2.5,,8/29/2015 2:25
978,463,3.5,,9/9/2015 18:18
979,69,0.5,,8/24/2015 16:57
980,490,2.5,,8/16/2015 14:04
981,327,2.5,,8/12/2015 5:54
982,140,2.5,,9/13/2015 19:20
983,304,0.5,,9/27/2015 10:56
984,27,4.5,,9/19/2015 6:41
985,381,4.5,,11/11/2015 8:42
986,94,1.5,,9/5/2015 23:46
987,474,4.5,,10/16/2015 9:12
988,244,4.5,,11/17/2015 11:04
989,302,3.5,,11/22/2015 3:16
990,170,3.5,,11/25/2015 10:39
991,450,3.5,,11/2/2015 13:00
992,102,2.5,,11/21/2015 0:54
993,1,3.5,,11/7/2015 10:51
994,451,4.5,,10/6/2015 12:55
995,114,4.5,,11/14/2015 6:59
996,135,4.5,,10/24/2015 10:04
997,488,2.5,,8/16/2015 4:38
998,2,2.5,,8/12/2015 10:49
999,494,1.5,,9/20/2015 9:39
1000,442,4.5,,10/24/2015 2:07
1001,491,1.5,,9/2/2015 2:08
1002,382,1.5,,10/20/2015 10:00
1003,2,2.5,,11/3/2015 5:16
1004,466,1.5,,11/20/2015 1:10
1005,47,3.5,,11/11/2015 18:22
1006,182,2.5,,8/18/2015 18:21
1007,400,0.5,,10/28/2015 15:08
1008,113,2.5,,8/16/2015 19:09
1009,8,3.5,,11/13/2015 21:46
1010,247,0.5,,11/23/2015 7:48
1011,179,2.5,,9/19/2015 4:17
1012,389,1.5,,9/13/2015 11:11
1013,342,2.5,,11/24/2015 14:37
1014,70,4.5,,8/20/2015 13:40
1015,164,3.5,,11/13/2015 9:15
1016,370,4.5,,8/4/2015 4:23
1017,430,2.5,,8/30/2015 14:21
1018,45,0.5,,8/27/2015 0:18
1019,479,3.5,,10/31/2015 10:51
1020,82,3.5,,11/27/2015 13:45
1021,258,1.5,,8/19/2015 22:52
1022,257,1.5,,8/18/2015 19:14
1023,451,2.5,,9/17/2015 17:59
1024,436,4.5,,11/15/2015 22:15
1025,429,4.5,,9/14/2015 8:25
1026,127,4.5,,10/11/2015 18:53
1027,273,4.5,,9/4/2015 20:08
1028,365,1.5,,9/18/2015 20:51
1029,85,3.5,,8/27/2015 8:04
1030,186,1.5,,11/25/2015 0:53
1031,53,3.5,,10/11/2015 6:40
1032,459,2.5,,10/23/2015 6:24
1033,143,3.5,,10/19/2015 23:59
1034,154,4.5,,8/24/2015 6:32
1035,451,1.5,,10/6/2015 5:49
1036,161,3.5,,8/17/2015 21:50
1037,327,4.5,,11/13/2015 23:11
1038,371,3.5,,8/23/2015 11:12
1039,314,0.5,,10/23/2015 13:13
1040,284,3.5,11/25/2015 17:51,11/25/2015 14:25
1041,81,4.5,,9/12/2015 15:45
1042,492,3.5,,10/6/2015 7:11
1043,259,2.5,,8/9/2015 0:48
1044,494,0.5,,9/2/2015 12:10
1045,436,4.5,,9/14/2015 10:54
1046,150,2.5,,8/15/2015 10:25
1047,350,1.5,,11/8/2015 2:56
1048,178,2.5,,11/19/2015 7:40
1049,269,1.5,,10/26/2015 15:39
1050,473,4.5,,10/16/2015 19:12
1051,485,0.5,,11/6/2015 9:00
1052,468,4.5,,8/21/2015 23:35
1053,399,4.5,,11/5/2015 8:52
1054,461,2.5,,10/3/2015 22:09
1055,73,4.5,8/31/2015 22:11,8/31/2015 18:52
1056,366,0.5,9/18/2015 9:21,9/18/2015 6:52
1057,269,4.5,,8/15/2015 4:08
1058,484,4.5,,9/12/2015 22:01
1059,297,1.5,,9/7/2015 21:50
1060,455,1.5,,8/16/2015 3:41
1061,206,2.5,,9/8/2015 14:56
1062,343,3.5,9/17/2015 6:28,9/17/2015 2:03
1063,117,3.5,,10/26/2015 7:13
1064,128,2.5,,11/24/2015 15:11
1065,326,2.5,,9/11/2015 10:38
1066,174,0.5,,8/8/2015 13:14
1067,326,4.5,,10/26/2015 4:06
1068,349,3.5,8/31/2015 6:10,8/31/2015 4:35
1069,64,4.5,,8/30/2015 18:22
1070,475,1.5,,11/21/2015 5:59
1071,445,0.5,,11/7/2015 17:38
1072,467,0.5,,11/26/2015 11:24
1073,362,4.5,,10/10/2015 18:20
1074,339,0.5,,9/25/2015 15:13
1075,278,0.5,9/1/2015 21:04,9/1/2015 20:42
1076,212,1.5,,8/18/2015 18:47
1077,109,4.5,,8/13/2015 19:11
1078,398,4.5,,11/5/2015 2:49
1079,495,2.5,,10/20/2015 15:40
1080,75,3.5,,10/9/2015 10:33
1081,280,2.5,,11/8/2015 16:57
1082,365,1.5,,11/10/2015 17:09
1083,308,4.5,,11/13/2015 7:52
1084,268,0.5,,11/18/2015 9:31
1085,366,4.5,,9/15/2015 11:57
1086,68,3.5,,11/24/2015 6:30
1087,5,0.5,,11/19/2015 17:36
1088,157,4.5,,8/18/2015 19:50
1089,223,4.5,,10/29/2015 23:08
1090,21,1.5,,8/6/2015 6:08
1091,466,2.5,,9/11/2015 15:15
1092,286,2.5,,8/22/2015 11:58
1093,432,1.5,8/31/2015 13:27,8/31/2015 9:58
1094,219,0.5,,11/2/2015 15:43
1095,63,3.5,,8/11/2015 4:38
1096,437,1.5,10/1/2015 4:46,10/1/2015 0:04
1097,3,0.5,,8/14/2015 0:24
1098,431,2.5,,9/17/2015 9:43
1099,204,4.5,,9/9/2015 6:07
1100,52,3.5,,10/13/2015 14:11
1101,134,0.5,,8/13/2015 16:39
1102,21,3.5,,11/8/2015 22:49
1103,452,4.5,,10/5/2015 20:59
1104,221,0.5,,8/26/2015 21:19
1105,293,0.5,,8/14/2015 18:34
1106,67,1.5,,10/24/2015 21:12
1107,468,1.5,,8/31/2015 21:05
1108,322,4.5,,10/24/2015 5:32
1109,330,3.5,8/19/2015 1:12,8/18/2015 22:17
1110,438,0.5,,8/27/2015 11:22
1111,47,1.5,,9/17/2015 2:59
1112,395,1.5,,11/2/2015 1:53
1113,320,3.5,,11/26/2015 5:11
1114,39,4.5,,9/29/2015 19:26
1115,398,2.5,,11/12/2015 4:25
1116,413,2.5,,11/8/2015 20:10
1117,442,0.5,,9/14/2015 13:29
1118,268,2.5,,9/1/2015 7:46
1119,148,1.5,,10/28/2015 5:53
1120,133,0.5,,11/4/2015 5:21
1121,178,2.5,,11/12/2015 12:41
1122,129,0.5,,10/15/2015 11:47
1123,180,0.5,,11/22/2015 16:01
1124,125,3.5,,9/24/2015 1:35
1125,251,0.5,,10/23/2015 15:12
1126,339,1.5,,10/10/2015 11:16
1127,54,0.5,,10/23/2015 20:16
1128,309,3.5,,11/25/2015 17:35
1129,68,2.5,,11/8/2015 23:05
1130,179,0.5,,11/16/2015 13:16
1131,23,3.5,,10/11/2015 13:26
1132,194,4.5,,9/16/2015 22:23
1133,103,3.5,,11/21/2015 7:19
1134,461,1.5,,9/27/2015 11:29
1135,81,2.5,,8/25/2015 4:33
1136,370,0.5,,10/16/2015 2:00
1137,456,2.5,,9/23/2015 17:41
1138,357,4.5,,10/6/2015 7:27
1139,339,4.5,,10/28/2015 9:11
1140,22,3.5,,10/11/2015 16:55
1141,427,0.5,,10/8/2015 7:00
1142,353,4.5,,10/31/2015 5:24
1143,479,4.5,,10/26/2015 16:40
1144,339,2.5,,8/24/2015 1:32
1145,474,3.5,,9/9/2015 4:04
1146,435,1.5,,8/22/2015 5:33
1147,188,1.5,,8/14/2015 21:30
1148,387,0.5,,11/14/2015 16:16
1149,355,4.5,,10/31/2015 23:33
1150,465,3.5,,9/20/2015 0:23
1151,228,1.5,,11/5/2015 13:49
1152,146,4.5,,8/8/2015 21:47
1153,133,4.5,,9/22/2015 16:00
1154,386,2.5,,10/24/2015 12:39
1155,426,2.5,,9/7/2015 10:00
1156,495,0.5,,8/7/2015 4:22
1157,192,4.5,,9/14/2015 4:43
1158,344,0.5,,11/24/2015 1:01
1159,399,2.5,,11/18/2015 1:12
1160,39,4.5,,10/3/2015 14:57
1161,160,1.5,,10/20/2015 1:11
1162,39,1.5,,11/18/2015 7:13
1163,475,4.5,,9/25/2015 17:22
1164,332,2.5,,9/8/2015 20:10
1165,150,1.5,,8/19/2015 19:45
1166,163,2.5,,10/18/2015 16:20
1167,474,1.5,,8/25/2015 5:08
1168,283,3.5,,9/22/2015 16:17
1169,313,2.5,,8/18/2015 2:27
1170,249,4.5,,11/23/2015 16:22
1171,59,1.5,,9/20/2015 9:11
1172,417,1.5,,9/3/2015 1:47
1173,232,4.5,,9/15/2015 21:27
1174,465,1.5,,8/31/2015 16:56
1175,238,4.5,,11/21/2015 14:47
1176,89,1.5,,11/15/2015 22:35
1177,337,4.5,,11/15/2015 8:44
1178,89,0.5,,8/5/2015 0:46
1179,490,3.5,,8/26/2015 2:01
1180,229,0.5,,8/17/2015 17:22
1181,433,3.5,,10/11/2015 15:50
1182,227,2.5,,10/25/2015 21:56
1183,83,2.5,,8/11/2015 13:58
1184,436,1.5,,11/15/2015 9:20
1185,71,0.5,,10/15/2015 19:59
1186,466,1.5,,10/17/2015 12:17
1187,194,2.5,,10/25/2015 3:38
1188,43,2.5,,9/11/2015 3:37
1189,448,1.5,,10/27/2015 13:30
1190,7,0.5,,10/19/2015 14:23
1191,374,0.5,,9/20/2015 21:42
1192,281,4.5,,8/4/2015 13:59
1193,327,1.5,,8/25/2015 23:58
1194,218,4.5,8/14/2015 11:57,8/14/2015 10:24
1195,416,1.5,,8/6/2015 3:28
1196,64,2.5,,8/16/2015 8:48
1197,461,0.5,,10/28/2015 0:11
1198,98,2.5,,10/23/2015 4:06
1199,142,3.5,,10/26/2015 13:10
1200,207,4.5,,8/5/2015 23:57
1201,208,0.5,,8/7/2015 17:56
1202,300,4.5,,9/4/2015 14:08
1203,460,4.5,,8/5/2015 11:40
1204,131,3.5,,10/1/2015 10:52
1205,394,3.5,,8/12/2015 14:26
1206,331,3.5,,9/13/2015 7:53
1207,486,4.5,,9/12/2015 18:57
1208,249,3.5,,8/25/2015 4:46
1209,190,4.5,,10/7/2015 1:58
1210,274,0.5,,8/28/2015 10:32
1211,455,1.5,,10/31/2015 0:07
1212,367,1.5,9/30/2015 11:24,9/30/2015 10:40
1213,449,0.5,,10/28/2015 17:12
1214,58,3.5,,8/17/2015 1:52
1215,58,4.5,,10/10/2015 22:09
1216,262,1.5,,8/19/2015 21:08
1217,465,0.5,,11/10/2015 2:53
1218,285,1.5,,10/17/2015 17:37
1219,432,1.5,,10/6/2015 11:20
1220,480,0.5,,11/9/2015 16:06
1221,143,4.5,,9/25/2015 22:11
1222,333,4.5,,10/3/2015 5:57
1223,319,4.5,,10/6/2015 7:29
1224,367,4.5,,8/4/2015 22:05
1225,44,0.5,,8/17/2015 16:32
1226,27,2.5,,9/3/2015 1:12
1227,135,3.5,,11/25/2015 8:21
1228,207,2.5,,9/11/2015 14:56
1229,252,4.5,,10/23/2015 17:24
1230,29,2.5,,9/6/2015 14:45
1231,156,1.5,,9/14/2015 13:23
1232,23,0.5,8/12/2015 3:16,8/12/2015 2:57
1233,41,1.5,,8/18/2015 8:06
1234,87,2.5,,9/26/2015 6:59
1235,25,0.5,,8/28/2015 13:23
1236,370,2.5,,9/16/2015 14:10
1237,345,2.5,,9/16/2015 2:34
1238,158,3.5,,8/18/2015 19:59
1239,41,3.5,,8/19/2015 22:39
1240,246,1.5,,11/25/2015 15:52
1241,96,1.5,,11/8/2015 23:03
1242,480,4.5,,10/10/2015 5:46
1243,185,3.5,,10/25/2015 20:56
1244,95,3.5,,11/17/2015 15:30
1245,43,0.5,,9/8/2015 22:30
1246,476,4.5,,11/26/2015 15:48
1247,54,4.5,,11/17/2015 15:19
1248,94,2.5,,8/14/2015 20:47
1249,166,4.5,,8/25/2015 23:03
1250,98,3.5,,10/29/2015 19:05
1251,279,4.5,8/17/2015 15:30,8/17/2015 15:14
1252,77,1.5,,8/21/2015 2:36
1253,346,1.5,,8/9/2015 8:49
1254,422,0.5,,8/17/2015 23:44
1255,321,1.5,,9/25/2015 6:23
1256,135,0.5,,11/8/2015 19:08
1257,113,1.5,,8/8/2015 15:00
1258,242,4.5,,10/3/2015 16:30
1259,200,3.5,,9/14/2015 7:28
1260,497,0.5,,11/16/2015 7:15
1261,174,0.5,,9/12/2015 6:09
1262,146,1.5,,11/26/2015 6:56
1263,147,0.5,,8/5/2015 22:39
1264,468,3.5,,11/14/2015 18:48
1265,73,1.5,,9/22/2015 19:18
1266,64,2.5,,10/24/2015 18:09
1267,53,1.5,,9/30/2015 21:29
1268,131,0.5,,10/29/2015 13:49
1269,163,4.5,,10/9/2015 3:04
1270,203,1.5,,11/14/2015 1:21
1271,472,3.5,,10/10/2015 22:43
1272,460,1.5,,11/5/2015 9:17
1273,198,3.5,,11/21/2015 4:59
1274,297,4.5,,10/9/2015 20:49
1275,42,0.5,,11/12/2015 3:01
1276,457,4.5,,8/16/2015 15:04
1277,440,1.5,,10/24/2015 1:23
1278,383,1.5,,10/4/2015 20:58
1279,494,0.5,,11/5/2015 15:49
1280,60,1.5,9/26/2015 7:07,9/26/2015 5:46
1281,293,1.5,,11/9/2015 13:29
1282,389,0.5,,8/24/2015 8:42
1283,326,0.5,,10/21/2015 13:39
1284,435,3.5,,8/8/2015 11:39
1285,68,2.5,,8/20/2015 23:57
1286,447,1.5,,8/13/2015 15:02
1287,1,0.5,,9/22/2015 11:10
1288,213,1.5,,10/29/2015 5:50
1289,273,4.5,,11/24/2015 10:02
1290,199,4.5,,10/30/2015 20:23
1291,166,4.5,,9/23/2015 9:20
1292,5,3.5,,10/10/2015 7:09
1293,215,0.5,,10/13/2015 10:43
1294,485,3.5,,11/25/2015 0:42
1295,377,2.5,,9/25/2015 1:28
1296,194,4.5,,11/8/2015 16:23
1297,490,4.5,,10/2/2015 13:41
1298,177,2.5,,10/15/2015 15:49
1299,120,2.5,,11/8/2015 17:14
1300,42,2.5,,8/16/2015 17:39
1301,396,0.5,,9/20/2015 18:01
1302,374,2.5,,8/12/2015 5:40
1303,281,2.5,,9/5/2015 6:11
1304,142,4.5,,8/12/2015 13:43
1305,175,1.5,,11/11/2015 14:57
1306,123,1.5,,10/25/2015 16:43
1307,37,2.5,,8/17/2015 11:16
1308,447,1.5,,11/6/2015 6:43
1309,15,1.5,8/30/2015 9:22,8/30/2015 4:59
1310,181,0.5,,11/21/2015 8:29
1311,249,2.5,,9/8/2015 16:57
1312,381,4.5,,8/7/2015 12:43
1313,428,4.5,,10/5/2015 19:34
1314,238,3.5,,10/5/2015 16:09
1315,403,2.5,,9/15/2015 14:43
1316,443,4.5,,9/25/2015 6:36
1317,454,1.5,,10/24/2015 2:12
1318,81,2.5,,8/31/2015 22:01
1319,63,2.5,,11/14/2015 4:00
1320,332,0.5,,9/29/2015 7:33
1321,205,1.5,10/28/2015 9:25,10/28/2015 8:43
1322,197,4.5,,9/26/2015 11:46
1323,391,0.5,,9/21/2015 5:41
1324,320,3.5,,9/23/2015 6:31
1325,497,0.5,,10/12/2015 2:09
1326,310,0.5,,8/18/2015 13:45
1327,352,2.5,,10/4/2015 4:12
1328,451,4.5,,10/20/2015 10:55
1329,441,1.5,,11/14/2015 13:24
1330,129,2.5,,10/26/2015 2:12
1331,154,0.5,,11/8/2015 8:12
1332,181,3.5,,8/16/2015 17:58
1333,278,0.5,,10/13/2015 19:02
1334,285,0.5,,8/29/2015 10:37
1335,4,4.5,,9/6/2015 5:42
1336,199,2.5,,9/17/2015 23:12
1337,246,1.5,,8/29/2015 1:43
1338,179,1.5,,9/10/2015 19:43
1339,91,2.5,,8/18/2015 21:32
1340,266,4.5,,9/5/2015 2:41
1341,87,0.5,,11/25/2015 13:06
1342,489,1.5,,10/4/2015 5:47
1343,293,0.5,,11/14/2015 13:51
1344,306,0.5,,11/14/2015 0:17
1345,49,3.5,,8/26/2015 17:42
1346,193,2.5,,11/6/2015 23:18
1347,312,3.5,,11/8/2015 5:33
1348,107,1.5,,8/11/2015 22:59
1349,455,3.5,,10/26/2015 22:41
1350,279,4.5,8/15/2015 18:14,8/15/2015 16:48
1351,217,2.5,9/13/2015 21:57,9/13/2015 19:23
1352,304,4.5,,10/17/2015 12:15
1353,73,0.5,,9/9/2015 12:33
1354,62,2.5,,8/25/2015 15:12
1355,454,0.5,,9/15/2015 19:38
1356,381,4.5,,9/14/2015 23:36
1357,441,0.5,8/7/2015 17:20,8/7/2015 14:35
1358,227,1.5,,11/25/2015 17:02
1359,357,1.5,,10/31/2015 17:40
1360,264,4.5,,9/5/2015 6:30
1361,193,4.5,,10/23/2015 16:08
1362,113,3.5,,11/4/2015 7:56
1363,53,1.5,,9/29/2015 4:12
1364,407,4.5,,9/8/2015 1:04
1365,386,1.5,,9/17/2015 16:42
1366,197,3.5,,8/16/2015 1:51
1367,405,2.5,,10/25/2015 3:55
1368,278,2.5,,11/11/2015 3:16
1369,182,3.5,,9/13/2015 13:39
1370,318,3.5,,11/12/2015 18:59
1371,277,3.5,,8/5/2015 21:26
1372,38,3.5,,10/11/2015 15:58
1373,215,1.5,,11/26/2015 4:18
1374,426,1.5,,8/9/2015 17:34
1375,471,4.5,,10/2/2015 22:55
1376,372,3.5,,11/15/2015 17:36
1377,34,1.5,,11/12/2015 0:57
1378,178,3.5,9/23/2015 16:15,9/23/2015 15:11
1379,25,0.5,,10/13/2015 12:56
1380,281,2.5,,9/11/2015 7:46
1381,492,2.5,,9/25/2015 1:40
1382,489,3.5,,10/27/2015 11:46
1383,474,2.5,,11/6/2015 17:24
1384,227,3.5,,11/1/2015 0:57
1385,164,2.5,,9/15/2015 16:29
1386,373,4.5,,10/23/2015 0:26
1387,84,3.5,,10/4/2015 5:43
1388,384,4.5,10/18/2015 6:10,10/18/2015 5:39
1389,281,2.5,,9/2/2015 12:47
1390,463,1.5,,10/20/2015 3:45
1391,359,0.5,,8/31/2015 5:13
1392,3,1.5,,8/12/2015 17:41
1393,280,0.5,,8/28/2015 20:06
1394,122,4.5,11/15/2015 5:24,11/15/2015 0:52
1395,156,4.5,,9/28/2015 16:02
1396,257,2.5,,8/25/2015 2:59
1397,182,1.5,,11/19/2015 5:07
1398,126,2.5,,9/3/2015 15:47
1399,61,1.5,,11/6/2015 20:14
1400,351,3.5,,10/4/2015 16:33
1401,248,0.5,,8/19/2015 9:20
1402,489,1.5,,9/12/2015 14:16
1403,113,0.5,,8/8/2015 2:53
1404,399,2.5,,11/11/2015 18:46
1405,291,1.5,,10/15/2015 14:59
1406,56,2.5,,9/2/2015 14:52
1407,26,3.5,,11/10/2015 17:57
1408,398,0.5,,9/16/2015 19:38
1409,459,2.5,,11/10/2015 3:59
1410,13,0.5,,9/25/2015 5:41
1411,90,3.5,,10/2/2015 9:17
1412,34,4.5,,11/13/2015 14:19
1413,240,0.5,,9/5/2015 5:00
1414,310,1.5,,8/28/2015 2:05
1415,165,3.5,,11/12/2015 18:22
1416,413,2.5,,10/16/2015 12:00
1417,238,3.5,,10/29/2015 1:43
1418,96,1.5,,10/9/2015 12:27
1419,483,0.5,,11/16/2015 3:30
1420,152,3.5,,9/6/2015 2:03
1421,206,2.5,,9/18/2015 17:59
1422,201,3.5,,8/9/2015 13:03
1423,151,1.5,,10/24/2015 7:32
1424,407,4.5,8/23/2015 14:15,8/23/2015 9:49
1425,432,4.5,,9/28/2015 5:06
1426,413,1.5,,8/8/2015 3:54
1427,152,3.5,10/24/2015 22:43,10/24/2015 19:20
1428,212,1.5,,8/26/2015 17:39
1429,133,4.5,,11/16/2015 7:49
1430,196,0.5,,10/1/2015 16:17
1431,305,2.5,,10/2/2015 3:55
1432,132,3.5,,9/28/2015 18:03
1433,308,1.5,,8/28/2015 21:58
1434,440,1.5,8/10/2015 16:36,8/10/2015 11:47
1435,384,2.5,,10/17/2015 4:30
1436,30,2.5,,10/18/2015 15:36
1437,141,2.5,,8/7/2015 13:13
1438,213,0.5,,11/7/2015 6:36
1439,426,4.5,10/13/2015 18:32,10/13/2015 15:42
1440,382,4.5,,9/15/2015 21:12
1441,213,2.5,,9/17/2015 5:13
1442,254,4.5,,9/23/2015 15:48
1443,22,1.5,,10/26/2015 1:59
1444,53,3.5,9/23/2015 14:10,9/23/2015 11:14
1445,224,0.5,,11/7/2015 4:16
1446,418,2.5,,8/24/2015 11:45
1447,369,0.5,,9/27/2015 17:19
1448,316,1.5,,11/11/2015 2:49
1449,152,1.5,,8/25/2015 16:22
1450,491,1.5,9/18/2015 21:12,9/18/2015 19:06
1451,451,1.5,,10/21/2015 1:53
1452,275,0.5,,8/5/2015 5:02
1453,344,4.5,,11/21/2015 0:45
1454,468,0.5,,8/27/2015 22:44
1455,393,0.5,,9/29/2015 4:07
1456,408,2.5,,11/1/2015 0:48
1457,171,1.5,,8/15/2015 3:18
1458,242,0.5,,8/6/2015 19:06
1459,196,0.5,,10/16/2015 16:16
1460,338,0.5,,10/21/2015 9:52
1461,330,1.5,,11/18/2015 12:55
1462,243,0.5,,8/17/2015 16:22
1463,230,2.5,,10/31/2015 0:09
1464,227,2.5,,11/23/2015 5:19
1465,15,1.5,,9/1/2015 1:02
1466,350,0.5,,9/24/2015 18:11
1467,266,0.5,,8/11/2015 0:22
1468,367,0.5,,11/25/2015 2:05
1469,148,2.5,,11/19/2015 2:45
1470,358,0.5,,8/25/2015 0:21
1471,19,4.5,,9/17/2015 2:19
1472,487,0.5,,9/22/2015 20:32
1473,341,1.5,,10/10/2015 13:34
1474,267,0.5,,10/10/2015 8:10
1475,425,2.5,,9/16/2015 23:55
1476,402,1.5,,9/29/2015 2:48
1477,474,2.5,,11/16/2015 2:29
1478,367,1.5,,9/4/2015 21:24
1479,381,2.5,,11/15/2015 21:40
1480,128,0.5,,10/7/2015 23:58
1481,248,1.5,,9/30/2015 10:23
1482,491,0.5,,10/16/2015 5:07
1483,431,2.5,11/4/2015 11:35,11/4/2015 11:33
1484,67,0.5,,9/21/2015 12:25
1485,410,2.5,,10/10/2015 1:45
1486,30,2.5,,11/27/2015 1:05
1487,262,3.5,11/19/2015 16:04,11/19/2015 11:39
1488,476,4.5,,11/21/2015 22:40
1489,236,4.5,,8/13/2015 7:11
1490,149,2.5,,9/22/2015 2:55
1491,313,3.5,,10/13/2015 1:15
1492,257,2.5,,10/21/2015 10:36
1493,131,0.5,,11/15/2015 0:51
1494,58,4.5,,11/14/2015 20:11
1495,415,2.5,,9/8/2015 19:11
1496,296,1.5,,10/13/2015 20:42
1497,257,4.5,,9/17/2015 10:35
1498,55,1.5,,10/10/2015 21:19
1499,274,2.5,,8/25/2015 10:45
1500,276,2.5,,8/10/2015 15:57
1501,289,3.5,,9/4/2015 19:13
1502,453,1.5,,10/3/2015 10:24
1503,307,1.5,,9/2/2015 5:13
1504,307,1.5,,11/15/2015 22:04
1505,131,2.5,,9/8/2015 7:06
1506,190,1.5,,10/3/2015 8:48
1507,419,0.5,,11/14/2015 3:25
1508,266,1.5,,11/12/2015 23:58
1509,356,4.5,,11/8/2015 8:20
1510,366,0.5,,10/31/2015 17:27
1511,280,0.5,,11/20/2015 17:43
1512,359,0.5,,11/11/2015 2:40
1513,363,3.5,,10/27/2015 23:21
1514,87,0.5,,10/20/2015 10:31
1515,119,0.5,,10/12/2015 15:24
1516,477,3.5,,9/14/2015 14:04
1517,441,2.5,,10/4/2015 23:45
1518,473,1.5,,8/27/2015 12:30
1519,257,4.5,8/7/2015 12:09,8/7/2015 10:26
1520,331,3.5,,8/28/2015 19:25
1521,440,1.5,8/10/2015 15:39,8/10/2015 15:15
1522,184,0.5,,8/13/2015 2:36
1523,472,1.5,,10/3/2015 20:38
1524,128,4.5,,11/5/2015 15:46
1525,88,0.5,,10/18/2015 5:30
1526,435,0.5,,10/27/2015 1:05
1527,283,4.5,,11/20/2015 19:45
1528,110,0.5,,10/8/2015 15:07
1529,478,2.5,9/10/2015 6:29,9/10/2015 2:07
1530,170,4.5,,11/8/2015 0:43
1531,104,1.5,,9/15/2015 20:12
1532,157,3.5,,11/23/2015 0:07
1533,131,1.5,,10/17/2015 8:00
1534,301,1.5,,11/6/2015 2:25
1535,397,1.5,,9/21/2015 19:16
1536,398,0.5,,8/23/2015 20:50
1537,278,0.5,,8/27/2015 1:54
1538,326,1.5,,10/11/2015 4:02
1539,140,4.5,,11/13/2015 8:37
1540,235,2.5,,11/21/2015 17:25
1541,135,0.5,,8/27/2015 7:33
1542,422,4.5,,9/15/2015 19:47
1543,23,1.5,,9/23/2015 13:42
1544,178,2.5,,8/21/2015 14:39
1545,203,0.5,,10/10/2015 12:03
1546,490,1.5,,11/10/2015 22:03
1547,115,0.5,,9/25/2015 1:12
1548,123,1.5,,10/13/2015 16:20
1549,147,2.5,,9/25/2015 0:36
1550,176,4.5,,9/14/2015 12:22
1551,443,4.5,,9/25/2015 0:37
1552,178,2.5,,11/25/2015 8:23
1553,108,2.5,,9/8/2015 1:22
1554,324,2.5,,10/22/2015 21:56
1555,36,4.5,,11/17/2015 12:56
1556,281,3.5,,8/7/2015 0:27
1557,430,2.5,,11/12/2015 6:16
1558,467,0.5,,10/14/2015 5:51
1559,48,2.5,,8/7/2015 1:12
1560,131,3.5,,9/3/2015 16:43
1561,224,1.5,,10/26/2015 16:57
1562,441,0.5,,10/8/2015 2:25
1563,391,0.5,,8/21/2015 15:12
1564,195,3.5,,8/6/2015 9:38
1565,272,1.5,,10/22/2015 0:24
1566,487,0.5,,8/10/2015 17:49
1567,37,2.5,,8/21/2015 21:21
1568,470,2.5,,11/6/2015 21:15
1569,230,0.5,,8/20/2015 16:58
1570,100,2.5,,8/4/2015 14:20
1571,3,3.5,9/23/2015 23:06,9/23/2015 21:21
1572,393,2.5,,9/7/2015 6:39
1573,466,0.5,,8/12/2015 7:01
1574,143,2.5,,8/23/2015 21:54
1575,463,3.5,,11/26/2015 20:12
1576,382,1.5,,8/22/2015 23:24
1577,177,0.5,,11/3/2015 22:10
1578,40,3.5,,9/18/2015 21:07
1579,15,0.5,,9/9/2015 13:31
1580,485,2.5,,10/19/2015 15:44
1581,373,3.5,,10/21/2015 3:50
1582,320,0.5,,10/7/2015 7:04
1583,370,2.5,8/29/2015 6:26,8/29/2015 2:06
1584,443,3.5,,11/27/2015 10:35
1585,153,2.5,,11/21/2015 18:31
1586,238,4.5,,8/8/2015 6:14
1587,298,1.5,8/30/2015 2:58,8/30/2015 2:16
1588,222,0.5,,10/1/2015 0:52
1589,207,2.5,,11/18/2015 9:06
1590,117,3.5,10/29/2015 23:20,10/29/2015 18:36
1591,10,0.5,,8/17/2015 9:27
1592,99,0.5,,10/21/2015 11:44
1593,338,3.5,,8/29/2015 16:08
1594,327,3.5,,9/18/2015 4:55
1595,24,3.5,,11/24/2015 5:21
1596,353,1.5,,8/30/2015 0:21
1597,484,4.5,,11/18/2015 19:45
1598,472,2.5,,11/2/2015 5:54
1599,359,2.5,,11/11/2015 12:32
1600,307,1.5,,9/6/2015 5:20
1601,462,3.5,,11/1/2015 13:09
1602,29,4.5,,10/19/2015 23:59
1603,41,1.5,,11/4/2015 0:32
1604,299,3.5,,11/8/2015 3:33
1605,423,4.5,,9/2/2015 1:02
1606,33,1.5,,8/12/2015 12:10
1607,132,3.5,,10/27/2015 7:19
1608,103,0.5,,8/29/2015 1:09
1609,215,3.5,,9/25/2015 18:41
1610,398,1.5,,8/17/2015 3:12
1611,473,3.5,,9/8/2015 13:55
1612,255,2.5,,9/8/2015 2:24
1613,225,0.5,,8/9/2015 3:49
1614,245,2.5,,9/26/2015 21:11
1615,480,0.5,,9/29/2015 3:13
1616,128,0.5,,10/6/2015 22:35
1617,31,0.5,,8/25/2015 2:41
1618,44,2.5,,9/7/2015 0:18
1619,27,3.5,,9/6/2015 21:27
1620,181,4.5,,9/24/2015 4:59
1621,380,0.5,,9/14/2015 20:47
1622,382,1.5,,9/9/2015 2:16
1623,270,1.5,,9/19/2015 12:12
1624,156,4.5,,8/30/2015 3:48
1625,19,0.5,,10/3/2015 1:36
1626,291,1.5,,10/14/2015 6:42
1627,40,3.5,,11/19/2015 2:24
1628,303,1.5,,9/7/2015 2:27
1629,192,0.5,,8/4/2015 14:22
1630,45,3.5,,10/18/2015 6:12
1631,84,2.5,,8/19/2015 13:16
1632,447,4.5,,11/2/2015 12:19
1633,281,0.5,,8/6/2015 14:55
1634,153,4.5,,8/28/2015 20:34
1635,185,3.5,,10/18/2015 10:28
1636,56,3.5,,11/21/2015 7:12
1637,88,1.5,,11/15/2015 8:50
1638,347,2.5,,10/6/2015 21:21
1639,391,3.5,,11/14/2015 16:25
1640,202,0.5,,9/15/2015 3:41
1641,180,3.5,,9/24/2015 20:08
1642,293,2.5,,8/25/2015 12:56
1643,15,2.5,,8/11/2015 23:17
1644,253,3.5,,11/19/2015 19:44
1645,423,4.5,,9/3/2015 3:18
1646,235,4.5,,11/7/2015 9:46
1647,192,2.5,,10/29/2015 20:04
1648,374,1.5,,9/6/2015 20:08
1649,108,0.5,,11/8/2015 3:23
1650,304,3.5,,11/23/2015 23:42
1651,145,3.5,,9/15/2015 22:30
1652,395,2.5,,9/17/2015 15:04
1653,91,2.5,,8/11/2015 13:46
1654,249,3.5,,9/24/2015 13:33
1655,423,1.5,,9/11/2015 7:24
1656,225,4.5,11/18/2015 5:20,11/18/2015 1:36
1657,103,3.5,,9/15/2015 21:59
1658,441,4.5,,10/10/2015 12:46
1659,453,2.5,,10/20/2015 6:36
1660,85,4.5,,9/25/2015 16:00
1661,72,4.5,,10/20/2015 4:24
1662,190,3.5,,8/28/2015 9:05
1663,148,3.5,,8/4/2015 17:12
1664,303,1.5,,11/19/2015 7:21
1665,381,3.5,,8/4/2015 17:51
1666,49,4.5,,9/13/2015 15:57
1667,468,0.5,,9/21/2015 14:10
1668,1,0.5,,11/1/2015 15:02
1669,340,3.5,,9/10/2015 23:46
1670,269,2.5,,10/31/2015 9:15
1671,78,4.5,,10/1/2015 12:56
1672,118,4.5,,11/7/2015 16:25
1673,366,1.5,,11/27/2015 19:20
1674,66,2.5,,11/24/2015 20:39
1675,364,0.5,,9/4/2015 15:22
1676,83,0.5,,8/25/2015 1:03
1677,54,4.5,,10/1/2015 6:11
1678,60,2.5,,10/27/2015 8:39
1679,327,1.5,,8/6/2015 8:48
1680,447,0.5,,10/24/2015 11:15
1681,170,1.5,,11/3/2015 22:02
1682,445,3.5,,10/16/2015 15:43
1683,165,3.5,,8/19/2015 14:03
1684,89,4.5,,10/25/2015 15:59
1685,132,3.5,,11/2/2015 7:57
1686,130,4.5,,10/10/2015 13:30
1687,179,4.5,,11/22/2015 9:30
1688,435,4.5,,10/7/2015 21:29
1689,370,0.5,,9/5/2015 6:41
1690,115,4.5,,10/27/2015 9:23
1691,478,0.5,,10/21/2015 14:08
1692,171,3.5,,10/6/2015 8:17
1693,405,1.5,,10/31/2015 17:35
1694,24,2.5,,10/5/2015 11:29
1695,8,1.5,,10/12/2015 22:13
1696,64,3.5,,10/7/2015 22:36
1697,339,4.5,,11/14/2015 8:36
1698,335,4.5,,8/31/2015 9:29
1699,352,1.5,,11/13/2015 0:51
1700,299,4.5,,8/6/2015 12:47
1701,160,1.5,,9/21/2015 0:27
1702,155,3.5,,11/16/2015 17:35
1703,399,0.5,,8/29/2015 21:13
1704,213,3.5,,8/15/2015 0:54
1705,154,2.5,,9/7/2015 18:29
1706,492,3.5,,11/5/2015 14:20
1707,127,2.5,,8/7/2015 12:23
1708,8,0.5,,9/24/2015 5:55
1709,198,0.5,,10/25/2015 0:32
1710,202,1.5,,10/14/2015 1:31
1711,143,4.5,,8/11/2015 12:26
1712,449,0.5,,9/1/2015 3:28
1713,292,4.5,,9/21/2015 22:30
1714,316,3.5,,11/25/2015 18:34
1715,235,1.5,,10/31/2015 15:38
1716,286,1.5,,11/8/2015 4:03
1717,347,1.5,,10/25/2015 19:31
1718,435,4.5,,10/14/2015 12:49
1719,364,4.5,,9/2/2015 22:40
1720,183,2.5,,8/25/2015 11:51
1721,35,0.5,,9/20/2015 23:19
1722,135,3.5,,8/21/2015 3:41
1723,290,4.5,,10/1/2015 22:10
1724,325,0.5,11/23/2015 18:16,11/23/2015 15:19
1725,324,3.5,,11/13/2015 16:03
1726,137,1.5,,10/3/2015 0:39
1727,245,4.5,,9/27/2015 16:23
1728,411,4.5,,8/23/2015 3:45
1729,68,2.5,,8/19/2015 18:08
1730,253,3.5,,11/1/2015 18:15
1731,259,1.5,,8/29/2015 14:41
1732,238,0.5,,8/29/2015 23:10
1733,441,1.5,10/18/2015 4:28,10/18/2015 1:49
1734,192,0.5,,10/21/2015 6:46
1735,431,4.5,,8/20/2015 2:23
1736,64,4.5,,8/17/2015 4:36
1737,143,0.5,,10/31/2015 5:25
1738,409,1.5,,9/23/2015 3:34
1739,331,0.5,,11/4/2015 8:29
1740,94,2.5,9/2/2015 13:07,9/2/2015 8:42
1741,58,2.5,,8/27/2015 13:43
1742,114,0.5,,9/22/2015 4:16
1743,96,1.5,,9/20/2015 7:14
1744,257,1.5,11/2/2015 17:30,11/2/2015 17:10
1745,437,1.5,,11/25/2015 6:38
1746,215,4.5,,11/8/2015 15:01
1747,89,2.5,11/12/2015 7:00,11/12/2015 2:53
1748,203,3.5,,10/3/2015 21:27
1749,352,0.5,,11/16/2015 14:05
1750,186,3.5,,10/19/2015 9:26
1751,478,4.5,,11/19/2015 12:19
1752,39,0.5,,11/7/2015 15:54
1753,2,4.5,,8/12/2015 16:11
1754,445,2.5,11/25/2015 11:24,11/25/2015 7:11
1755,239,0.5,,10/22/2015 16:11
1756,196,3.5,,11/21/2015 9:07
1757,143,1.5,,9/15/2015 20:50
1758,446,2.5,,9/8/2015 22:57
1759,369,4.5,,9/16/2015 4:01
1760,341,2.5,,8/10/2015 7:42
1761,50,4.5,,11/1/2015 3:23
1762,318,3.5,,10/29/2015 5:19
1763,407,1.5,9/25/2015 23:55,9/25/2015 19:37
1764,426,3.5,,9/21/2015 15:33
1765,493,4.5,,9/4/2015 16:03
1766,57,3.5,,9/17/2015 2:31
1767,287,0.5,,8/30/2015 12:40
1768,163,0.5,,9/20/2015 8:44
1769,108,2.5,,9/5/2015 23:57
1770,359,0.5,,9/27/2015 8:13
1771,417,2.5,,8/29/2015 1:02
1772,284,3.5,10/23/2015 3:22,10/22/2015 23:36
1773,118,1.5,,8/21/2015 18:40
1774,102,0.5,,8/6/2015 18:05
1775,185,2.5,,8/8/2015 17:18
1776,140,4.5,,8/19/2015 5:40
1777,187,4.5,,10/21/2015 20:13
1778,212,1.5,,10/7/2015 19:04
1779,443,0.5,,10/27/2015 22:13
1780,376,0.5,,10/25/2015 17:15
1781,370,1.5,,8/4/2015 20:42
1782,72,3.5,,9/7/2015 18:52
1783,210,0.5,,9/30/2015 8:31
1784,226,3.5,,11/20/2015 22:39
1785,373,4.5,,11/4/2015 8:15
1786,145,4.5,,8/31/2015 18:24
1787,255,0.5,,9/22/2015 10:04
1788,178,1.5,,9/9/2015 13:50
1789,476,2.5,,10/31/2015 3:33
1790,115,2.5,,11/16/2015 22:08
1791,123,1.5,,9/3/2015 23:52
1792,167,4.5,,11/2/2015 4:38
1793,349,1.5,,8/9/2015 15:57
1794,119,0.5,,11/5/2015 3:48
1795,458,0.5,,10/10/2015 0:58
1796,250,4.5,,10/5/2015 1:39
1797,446,0.5,,8/15/2015 19:22
1798,486,1.5,,10/12/2015 10:29
1799,408,4.5,,11/15/2015 20:28
1800,468,1.5,,9/1/2015 15:03
1801,266,0.5,,9/18/2015 23:29
1802,139,4.5,,8/30/2015 17:02
1803,208,4.5,,9/12/2015 15:38
1804,476,1.5,,10/5/2015 23:22
1805,409,3.5,8/29/2015 12:04,8/29/2015 10:17
1806,455,3.5,,11/21/2015 3:17
1807,132,2.5,,10/22/2015 4:16
1808,291,0.5,,10/18/2015 18:21
1809,392,4.5,11/4/2015 13:49,11/4/2015 9:03
1810,434,4.5,,9/25/2015 19:19
1811,356,4.5,,11/27/2015 13:03
1812,144,0.5,,11/6/2015 14:07
1813,372,2.5,,10/30/2015 18:41
1814,28,0.5,,11/22/2015 3:47
1815,176,1.5,,8/13/2015 19:40
1816,293,3.5,,11/14/2015 10:50
1817,92,2.5,,10/21/2015 11:01
1818,178,2.5,,9/15/2015 8:55
1819,126,4.5,,11/8/2015 11:15
1820,232,3.5,,8/30/2015 6:56
1821,484,2.5,,8/26/2015 15:04
1822,289,4.5,10/15/2015 8:04,10/15/2015 4:31
1823,52,2.5,,8/11/2015 12:41
1824,182,0.5,,9/21/2015 10:29
1825,171,0.5,,10/31/2015 13:57
1826,24,4.5,11/20/2015 23:05,11/20/2015 19:20
1827,275,1.5,,8/23/2015 0:26
1828,363,2.5,,9/4/2015 19:19
1829,393,4.5,,11/24/2015 17:10
1830,302,2.5,,11/9/2015 5:24
1831,98,0.5,,11/19/2015 17:03
1832,217,1.5,,8/18/2015 20:35
1833,161,2.5,,8/5/2015 15:59
1834,206,0.5,,8/7/2015 0:59
1835,128,3.5,,8/13/2015 5:50
1836,382,0.5,,11/22/2015 16:39
1837,309,1.5,,11/6/2015 10:10
1838,212,4.5,,10/3/2015 21:54
1839,210,1.5,,9/6/2015 16:37
1840,210,4.5,,8/31/2015 8:03
1841,448,2.5,,10/25/2015 14:08
1842,210,3.5,,9/14/2015 18:03
1843,185,2.5,,9/5/2015 0:58
1844,55,1.5,10/2/2015 1:44,10/2/2015 0:46
1845,67,0.5,,10/19/2015 15:24
1846,231,1.5,8/31/2015 19:03,8/31/2015 14:20
1847,80,3.5,,10/9/2015 12:35
1848,187,0.5,,8/22/2015 22:01
1849,121,0.5,,10/3/2015 19:28
1850,160,3.5,,10/23/2015 19:06
1851,295,4.5,,9/7/2015 11:31
1852,161,0.5,,10/7/2015 6:06
1853,12,4.5,,8/23/2015 7:03
1854,158,3.5,,10/27/2015 23:54
1855,65,3.5,,9/12/2015 17:58
1856,402,2.5,,11/22/2015 9:47
1857,27,0.5,,8/22/2015 23:22
1858,1,1.5,,9/29/2015 0:09
1859,104,1.5,,10/4/2015 11:00
1860,373,3.5,,8/28/2015 3:06
1861,21,2.5,11/9/2015 22:36,11/9/2015 22:12
1862,157,2.5,,9/5/2015 0:31
1863,92,4.5,10/30/2015 13:38,10/30/2015 13:22
1864,468,4.5,,11/21/2015 18:06
1865,424,3.5,,10/14/2015 21:16
1866,208,2.5,,11/26/2015 1:59
1867,124,2.5,,9/13/2015 23:37
1868,310,0.5,,9/11/2015 11:07
1869,357,0.5,,10/31/2015 21:06
1870,254,4.5,,10/11/2015 5:57
1871,196,2.5,,9/9/2015 20:39
1872,202,3.5,,9/20/2015 15:25
1873,498,4.5,,8/4/2015 8:16
1874,134,2.5,8/22/2015 1:29,8/21/2015 23:19
1875,159,2.5,,8/12/2015 6:12
1876,101,2.5,,8/19/2015 22:02
1877,61,4.5,,11/27/2015 0:01
1878,38,0.5,,9/17/2015 4:20
1879,116,2.5,,10/23/2015 3:30
1880,478,0.5,,9/15/2015 7:32
1881,289,2.5,,11/13/2015 21:17
1882,491,4.5,,11/19/2015 6:11
1883,323,2.5,,10/22/2015 8:06
1884,240,2.5,,11/6/2015 21:37
1885,275,3.5,,10/2/2015 12:45
1886,498,1.5,,9/30/2015 23:00
1887,264,2.5,,10/10/2015 22:56
1888,68,1.5,,11/22/2015 7:37
1889,377,0.5,,11/14/2015 19:12
1890,145,1.5,,9/24/2015 10:23
1891,165,1.5,,10/15/2015 17:41
1892,269,2.5,,10/23/2015 10:13
1893,282,4.5,,10/4/2015 6:15
1894,86,1.5,,9/3/2015 14:20
1895,474,1.5,,8/11/2015 20:26
1896,481,1.5,,11/2/2015 9:52
1897,112,1.5,,9/17/2015 14:35
1898,57,1.5,,11/11/2015 5:58
1899,140,0.5,,10/26/2015 11:06
1900,319,0.5,,8/6/2015 11:41
1901,390,1.5,,9/17/2015 12:11
1902,140,2.5,,9/18/2015 13:52
1903,178,0.5,,10/13/2015 2:19
1904,476,0.5,,11/1/2015 5:21
1905,345,2.5,,10/24/2015 0:00
1906,271,4.5,,8/14/2015 3:45
1907,456,2.5,,11/16/2015 2:10
1908,131,0.5,9/20/2015 17:08,9/20/2015 16:04
1909,413,1.5,,8/14/2015 16:38
1910,25,1.5,,11/6/2015 0:42
1911,121,4.5,,9/3/2015 9:21
1912,379,3.5,,10/31/2015 20:08
1913,237,2.5,,11/27/2015 17:30
1914,382,4.5,,11/21/2015 7:41
1915,344,2.5,9/17/2015 19:45,9/17/2015 18:04
1916,97,1.5,,9/8/2015 7:54
1917,277,3.5,,8/16/2015 6:06
1918,305,4.5,,9/13/2015 15:04
1919,297,0.5,10/23/2015 22:14,10/23/2015 20:53
1920,352,1.5,,11/16/2015 11:15
1921,135,2.5,,8/24/2015 20:10
1922,76,4.5,,11/16/2015 11:39
1923,69,0.5,,8/12/2015 13:34
1924,313,0.5,8/31/2015 10:48,8/31/2015 7:43
1925,21,4.5,,11/25/2015 19:15
1926,115,2.5,,8/5/2015 18:59
1927,101,3.5,,10/25/2015 10:39
1928,462,4.5,,8/22/2015 22:15
1929,58,2.5,,11/2/2015 4:32
1930,375,4.5,,11/4/2015 2:08
1931,12,1.5,,11/2/2015 11:45
1932,3,0.5,,8/16/2015 17:29
1933,463,2.5,,10/15/2015 9:04
1934,339,1.5,,8/17/2015 4:37
1935,260,3.5,,8/12/2015 9:28
1936,192,1.5,,11/22/2015 7:48
1937,80,2.5,,11/3/2015 2:13
1938,398,4.5,,8/29/2015 9:36
1939,158,1.5,,10/3/2015 5:16
1940,121,4.5,,9/4/2015 8:06
1941,236,0.5,,9/18/2015 8:33
1942,232,3.5,,9/18/2015 18:11
1943,181,0.5,,9/26/2015 15:56
1944,204,2.5,,11/20/2015 7:34
1945,396,0.5,,8/12/2015 10:44
1946,111,2.5,,9/3/2015 19:15
1947,457,2.5,,10/17/2015 23:15
1948,110,1.5,,11/3/2015 17:51
1949,327,0.5,11/8/2015 4:56,11/8/2015 3:56
1950,403,2.5,,8/28/2015 2:41
1951,231,3.5,,11/22/2015 6:41
1952,378,4.5,,8/14/2015 21:47
1953,351,0.5,,8/6/2015 5:26
1954,294,4.5,,9/21/2015 12:06
1955,99,3.5,,11/16/2015 5:10
1956,75,2.5,11/18/2015 17:21,11/18/2015 13:19
1957,266,3.5,,9/17/2015 2:23
1958,210,2.5,,11/20/2015 19:30
1959,10,3.5,,8/20/2015 2:34
1960,334,2.5,,8/28/2015 0:22
1961,127,4.5,,10/11/2015 4:49
1962,414,3.5,,9/12/2015 5:27
1963,454,0.5,,10/17/2015 1:43
1964,257,2.5,,11/14/2015 17:30
1965,373,3.5,,10/3/2015 14:02
1966,135,4.5,,11/2/2015 19:19
1967,376,2.5,,9/21/2015 7:55
1968,68,3.5,,8/28/2015 10:06
1969,176,2.5,,8/27/2015 3:46
1970,284,3.5,,10/20/2015 22:05
1971,39,0.5,,10/27/2015 11:16
1972,423,2.5,,8/30/2015 22:50
1973,281,3.5,,9/27/2015 8:13
1974,314,2.5,,10/11/2015 0:24
1975,467,1.5,,10/18/2015 3:03
1976,477,2.5,,9/24/2015 21:12
1977,22,4.5,,8/18/2015 6:06
1978,284,3.5,,11/26/2015 16:21
1979,90,0.5,,9/20/2015 15:13
1980,171,0.5,,8/21/2015 23:25
1981,406,2.5,,11/10/2015 5:35
1982,247,2.5,,11/25/2015 4:09
1983,161,2.5,,9/3/2015 23:55
1984,356,2.5,,9/11/2015 13:45
1985,310,0.5,,11/5/2015 8:27
1986,9,0.5,,11/7/2015 20:37
1987,240,0.5,,9/5/2015 1:03
1988,217,3.5,,8/19/2015 5:01
1989,198,0.5,,9/10/2015 5:25
1990,169,4.5,,9/3/2015 12:25
1991,188,3.5,,9/28/2015 1:14
1992,489,4.5,,10/20/2015 12:46
1993,18,3.5,,10/27/2015 6:20
1994,140,4.5,,8/8/2015 9:19
1995,327,0.5,,10/30/2015 9:46
1996,65,2.5,,8/12/2015 0:34
1997,24,4.5,,10/29/2015 13:20
1998,315,3.5,,10/31/2015 7:39
1999,94,2.5,,8/11/2015 18:36
